id,domain,status,purchase_price,renewal_price,attractiveness,demand,length,registrar,created_at,expires_at,status_verified_at
c9cf579b-362c-41e2-91cf-b6dc55e8cded,allis.show,available,18.99,44.49,medium,low,5,namesilo,,,18/09/2026 11:06
e9395722-031f-4bc7-b018-909ce678a60a,pot.show,premium,128.7,128.7,high,low,3,namecheap,,,25/09/2026 20:52
260ea6d3-ceb9-4414-b325-b8af2f117283,siri.show,available,,,high,high,4,,,,
f7eb9c76-a329-419c-bcf9-86a780ab232c,feathery.show,available,14.99,56.99,high,low,8,name.com,,,18/08/2026 00:18
89b14f87-0b14-4ba8-b2c5-ce1b9050bad2,schroeder.show,available,15.98,47.98,high,low,9,namecheap,,,28/09/2026 08:07
67d56382-5e92-4ed0-b425-6278f0d2b2b3,fussy.show,available,14.99,56.99,medium,low,5,name.com,,,08/08/2026 07:47
163a0658-240f-43f3-abcb-0530c71bedb9,bangle.show,available,18.99,44.49,high,low,6,namesilo,,,22/09/2026 01:57
47401d43-1ee8-4dde-85e3-93c56014b013,bargain.show,available,14.17,35.39,high,low,7,spaceship,,,29/09/2026 01:09
e898c7cd-ab84-4035-9e16-d6f7f04b47bb,kempt.show,available,14.99,56.99,medium,low,5,name.com,,,22/08/2026 15:32
7f6c6a95-8fdf-4ab0-8af3-ea4ca87ba325,whole.show,available,18.99,44.49,high,low,5,namesilo,,,22/09/2026 00:29
9e9fa90b-dece-4cd9-817b-6c6663d262ac,rimmed.show,available,15.98,47.98,medium,low,6,namecheap,,,09/09/2026 17:45
642f5108-02d7-4ab1-ba2f-46dba7163b79,shared.show,available,18.99,44.49,high,low,6,namesilo,,,24/09/2026 11:33
2402843a-2ea6-4575-aca9-974e154d60a1,spic.show,available,14.99,56.99,medium,low,4,name.com,,,21/08/2026 20:44
49406ec9-1e75-4098-a45f-31d4bef71a45,desolate.show,available,14.99,56.99,medium,low,8,name.com,,,08/08/2026 21:07
030fe310-5b65-427c-9576-72d98e40ca29,ambitious.show,available,18.99,44.49,high,low,9,namesilo,,,22/09/2026 03:59
3e1344b3-9871-4e49-8610-5d634de87ca9,revered.show,available,14.17,35.39,high,low,7,spaceship,,,27/09/2026 14:02
e45decc0-ec8d-4584-8650-ce9b78112f78,asbestos.show,available,18.99,44.49,high,low,8,namesilo,,,20/09/2026 12:54
8c06a4b4-dfc8-4e01-832c-0d64a2d57219,dovish.show,available,14.99,56.99,medium,low,6,name.com,,,14/08/2026 17:07
4555334b-5d4d-43a1-9403-852eea4b1b6b,dodson.show,available,14.17,35.39,medium,low,6,spaceship,,,29/09/2026 22:21
3f460db4-649a-4e90-9859-2c35ad025ad5,poisson.show,available,18.99,44.49,medium,low,7,namesilo,,,28/09/2026 11:23
10781c1f-dc97-4d6d-92f9-58f900d4a0ea,greyhound.show,available,18.99,44.49,high,low,9,namesilo,,,30/09/2026 01:48
828d3952-99f2-4df9-8ce8-8262263b08dd,plugin.show,available,18.99,44.49,high,low,7,namesilo,,,17/09/2026 06:36
132ebd1d-98c7-491b-bbf5-a1d415daa7d0,behrens.show,available,18.99,44.49,high,low,7,namesilo,,,23/09/2026 03:56
700544ae-a715-4e79-8474-a6fcc8ca6c62,doodlebug.show,available,15.98,47.98,medium,low,9,namecheap,,,19/09/2026 12:18
4aff1555-df7a-4c95-a50e-80ff3312fdfa,icu.show,available,14.17,35.39,high,low,3,spaceship,,,29/09/2026 23:28
54ff357b-5091-418f-8e59-35477960f655,integral.show,available,18.99,44.49,high,low,8,namesilo,,,23/09/2026 10:33
03b9b024-8d14-49cd-880f-bfbb395e80d7,invites.show,available,8.24,35.53,medium,low,7,porkbun,,,29/09/2026 11:26
471db862-b81c-4c8c-b56f-c57d235158cd,unfading.show,available,15.98,47.98,high,low,8,namecheap,,,12/09/2026 09:53
3a9556d8-5824-493e-910c-1864379ab92a,twig.show,available,14.17,35.39,high,low,4,spaceship,,,02/10/2026 04:09
294f66a7-48b7-4e89-a6ea-a57fdde3d126,seventy.show,available,14.99,56.99,high,low,7,name.com,,,
bee1d5de-4206-4183-b79e-e8c41eb04af9,steakhouse.show,available,18.99,44.49,high,low,10,namesilo,,,24/09/2026 14:46
6c3402e6-ea69-40b8-8b74-97e26ae7eb00,motel.show,available,18.99,44.49,high,low,5,namesilo,,,25/09/2026 09:27
5100d953-2e70-46c7-bb7c-07926948ec2e,declan.show,available,18.99,44.49,high,low,6,namesilo,,,02/10/2026 00:13
a7f0fadc-c624-43f6-85dd-db56077b1264,hunker.show,available,15.98,47.98,medium,low,6,namecheap,,,10/09/2026 17:39
0adfd97d-3269-4e54-b651-e2caecd66cde,variational.show,available,18,,high,low,11,unstoppable,,,01/10/2026 06:35
625d9c57-5b8f-4ceb-b8d2-4d31a0a4a2d2,laundering.show,available,34.2,34.2,medium,low,10,cloudflare,,,30/09/2026 10:23
92adafd5-8fa8-4987-8c8d-413b2ef20f83,liaison.show,available,15.98,47.98,high,low,7,namecheap,,,17/09/2026 14:03
1a949039-e8fd-45a0-9f97-b38e96353c43,projecting.show,available,14.99,56.99,high,low,10,name.com,,,22/08/2026 14:48
32cca581-6579-4f0d-8204-89f0f7399af9,bounds.show,available,18,,medium,low,6,unstoppable,,,29/09/2026 00:15
84b52d68-a27c-4ed3-af1a-d87487d4b7f5,imprint.show,available,14.17,35.39,high,low,7,spaceship,,,29/09/2026 18:45
665e5f75-7922-4852-aa15-50e35ae13322,eugenic.show,available,14.99,56.99,medium,low,7,name.com,,,17/08/2026 14:11
0e5da20b-1a0f-433e-ae1b-db1107db7565,vascular.show,available,14.99,56.99,medium,low,8,name.com,,,13/09/2026 01:33
46f03edb-8f54-4085-9db5-db986b3fe775,involved.show,available,18.99,44.49,high,low,8,namesilo,,,25/09/2026 11:16
8e146b0c-d083-46ed-8379-92ba1f5df0be,ingress.show,available,14.99,56.99,medium,low,7,name.com,,,22/08/2026 01:52
66c2a13c-9241-4fca-8645-eb55a8c9971c,checkpoint.show,available,18.99,44.49,high,low,10,namesilo,,,24/09/2026 14:03
e01b9884-4dad-4f2d-9644-e6404180c86f,aims.show,available,14.17,35.39,medium,low,4,spaceship,,,30/09/2026 06:57
985d3ba3-6bec-4cc9-a89f-7d1aa919dcc6,squirrel.show,available,34.2,34.2,high,low,8,cloudflare,,,30/09/2026 11:45
71ed56cb-113a-4a5d-bb3c-a01b47d87bf8,diligently.show,available,15.98,47.98,medium,low,10,namecheap,,,14/09/2026 12:40
71ddb985-cb20-4ed6-8f7e-dd9a376aa141,ailing.show,available,14.99,56.99,high,low,6,name.com,,,
9c771a1f-7b6f-45ac-a06c-2a7d192736b5,trades.show,resell,,,high,low,6,Dynadot Inc,18/12/2025 17:00,18/12/2026 17:00,30/09/2026 13:41
baeb14de-4084-4487-b247-40cc8b5f09f2,crappy.show,available,14.99,56.99,medium,low,6,name.com,,,13/08/2026 05:12
298ff6ad-4cd4-4e38-955a-c1ef52a2c251,saba.show,available,14.17,35.39,high,low,4,spaceship,,,29/09/2026 02:04
3b85d7a7-9a1c-4077-9a10-1494c5540c5e,sealing.show,available,8.24,36.6,high,low,7,dynadot,,,30/09/2026 18:36
340effd5-7a05-46ff-b19d-7e68a9e0258a,quintette.show,available,14.99,56.99,high,low,9,name.com,,,09/09/2026 09:00
8e6c2245-6ee2-4993-812c-34dc022fdc38,typically.show,available,34.2,34.2,medium,low,9,cloudflare,,,28/09/2026 17:10
24564406-481c-4855-a97d-a2cffb7625d8,meritable.show,available,14.99,56.99,medium,low,9,name.com,,,24/08/2026 20:53
a9f87fcf-d7b2-4e74-8d3e-e6f88562b92b,lucubrate.show,available,14.99,56.99,medium,low,9,name.com,,,15/08/2026 23:00
54ba4a09-c668-46c6-82c7-fb5eda6a6823,parcels.show,available,14.17,35.39,medium,low,7,spaceship,,,01/10/2026 18:14
c23d6751-c388-449f-8539-3b93ad5e7896,eccles.show,available,18,,medium,low,6,unstoppable,,,29/09/2026 06:42
956ed230-c94e-47d4-a6cd-c0db92ef8915,occurring.show,available,14.17,35.39,high,low,9,spaceship,,,01/10/2026 19:44
9006001f-9ec6-496a-b9d6-8212d0b88bec,sahel.show,available,8.24,35.53,medium,low,5,porkbun,,,30/09/2026 20:57
28935270-f040-4cf5-833d-83fd7870bce5,carlsbad.show,available,14.17,35.39,medium,low,8,spaceship,,,29/09/2026 18:13
ec8b31f4-5d22-4ed1-b376-f205ad2b2d2c,bedframe.show,available,18.99,44.49,medium,low,9,namesilo,,,22/09/2026 23:17
1bad0a53-71dc-40cf-af4a-5795836e4a56,unrelated.show,available,15.98,47.98,medium,low,9,namecheap,,,12/09/2026 18:04
bd7d3822-de04-449a-b81f-40f47beea04d,bicycles.show,available,18.99,44.49,medium,low,8,namesilo,,,18/09/2026 23:48
ec1e5089-9fe8-429d-8288-2043cc7accbd,rewarding.show,available,18.99,44.49,high,low,9,namesilo,,,27/09/2026 14:47
e6d5b309-a791-4bb2-91ab-29d0196bf5d3,gunshot.show,available,18.99,44.49,medium,low,7,namesilo,,,28/09/2026 05:55
ca16e4f0-ffd5-4b34-aad4-62ee2d5bb0bf,dorothy.show,available,18.99,44.49,high,low,7,namesilo,,,25/09/2026 14:18
1f742d79-ec83-463b-9318-087ed1f7ce91,occasionally.show,available,34.2,34.2,medium,low,12,cloudflare,,,27/09/2026 17:20
8c28903a-05c4-4385-b760-5e0a2e03316c,renton.show,available,18.99,44.49,high,low,6,namesilo,,,01/10/2026 11:20
0338ba72-c5e9-4f2c-af1a-cc19aca22ec8,staid.show,available,15.98,47.98,medium,low,5,namecheap,,,10/09/2026 01:34
33e4db68-b860-497d-b87b-511d549fd115,agnate.show,available,14.99,56.99,medium,low,6,name.com,,,
d576653d-7c0c-4cf9-9e4f-faf840a2ad98,emotional.show,available,14.99,56.99,high,low,9,name.com,,,16/08/2026 15:56
630e6fb0-daf0-4340-a38c-e28f5f48cabf,bangladeshi.show,available,8.24,35.53,high,low,11,porkbun,,,30/09/2026 03:22
e5326a76-5c77-428c-a322-2838b08f104b,disappointed.show,available,18.99,44.49,medium,low,12,namesilo,,,01/10/2026 03:51
d1929830-b363-40aa-9c80-dbd5a5d92f62,junket.show,available,18.99,44.49,high,low,6,namesilo,,,22/09/2026 03:02
e20fa1cc-f34a-4d52-996b-9407690c071c,monitored.show,available,14.17,35.39,medium,low,9,spaceship,,,29/09/2026 10:56
419fcf94-dfa0-4931-887f-6473181412b2,penthouse.show,available,18,,high,low,9,unstoppable,,,29/09/2026 07:51
5ab6307c-9c78-4385-87c2-ae887befe580,introductory.show,available,17.99,,high,low,12,name.com,,,
017d66a4-f930-4c08-a7aa-2ca92e6b271a,excellent.show,available,18.99,44.49,high,low,9,namesilo,,,24/09/2026 15:50
4d64f495-eba8-4662-bfc6-025350de7260,offered.show,available,17.99,,medium,low,7,name.com,,,
9a748389-947e-4286-b8f1-9ede981385aa,agricultural.show,available,18,,high,low,12,unstoppable,,,30/09/2026 03:28
5fd9c03c-e38c-4cd9-b904-9313dae1005f,flagship.show,available,34.2,34.2,high,low,8,cloudflare,,,30/09/2026 17:19
ad456b73-1281-46d3-8f47-b82306e8dec2,frequently.show,available,8.24,36.6,medium,low,10,dynadot,,,28/09/2026 14:57
0b9475f6-16d1-49b2-923c-c016b49b8f62,alienate.show,available,14.99,56.99,medium,low,8,name.com,,,
6f241693-6cae-4b28-ad06-b97c562799b4,veal.show,available,8.24,35.53,medium,low,4,porkbun,,,30/09/2026 14:19
9ec432ff-391a-4867-9830-a8ca9af13082,planet.show,resell,,,high,medium,6,"DNSPod, Inc.",22/02/2023 15:15,22/02/2027 15:15,26/09/2026 08:11
1af5bee4-c0fd-49e1-87bb-6c9e77712d33,satisfaction.show,available,18,,high,low,12,unstoppable,,,28/09/2026 04:23
4487a042-58bf-4809-b9e7-3a6731ad8567,soursop.show,available,18.99,44.49,high,low,7,namesilo,,,19/09/2026 10:36
b71c0d7d-ed60-480e-97f7-317f05d1b0b6,shooter.show,available,15.98,47.98,medium,low,7,namecheap,,,24/09/2026 19:04
7f3338de-627a-4da5-82f3-b772580a5708,tangled.show,available,15.98,47.98,medium,low,7,namecheap,,,11/09/2026 07:59
c6590b69-2e20-48b3-aee9-1f58972fdcf6,adoptive.show,available,14.99,56.99,high,low,8,name.com,,,
bf594077-62be-43c9-b2fd-fcd9fb8d6d2b,contamination.show,available,34.2,34.2,medium,low,13,cloudflare,,,29/09/2026 22:52
7fdafb44-d2ad-4869-852f-e42d2a455a62,belling.show,available,18.99,44.49,medium,low,7,namesilo,,,23/09/2026 06:11
55ddb165-61a0-4aeb-8a21-6ad10b58516c,capability.show,available,18.99,44.49,high,low,10,namesilo,,,24/09/2026 12:11
3f8efe05-5ee0-411d-a26f-0a03a53c56dd,transmitting.show,available,18,,medium,low,12,unstoppable,,,29/09/2026 10:14
943e8a02-0586-428e-9826-9734d204d5b4,aguish.show,available,14.99,56.99,medium,low,6,name.com,,,
1d9128bb-a7f7-4180-8b91-bbaaf3bbdbbd,unpaired.show,available,15.98,47.98,medium,low,8,namecheap,,,12/09/2026 15:30
09fc7780-7115-42f1-898a-5bd21f53198e,rossi.show,available,18.99,44.49,high,low,5,namesilo,,,27/09/2026 01:41
a38e7d1a-e6d5-46d7-a5e4-cc0b61a6229e,officious.show,available,14.99,56.99,medium,low,9,name.com,,,11/08/2026 11:26
89ce87b1-c0ea-4240-b0bb-072979d9b10e,don.show,available,18.99,44.49,high,low,3,namesilo,,,27/09/2026 08:52
ffe46861-76b9-4147-b88a-e46c4d1d42a4,steeply.show,available,18.99,44.49,medium,low,7,namesilo,,,16/09/2026 06:59
80151f27-b737-4d6a-951c-a77aca7cd015,parvenue.show,available,15.98,47.98,medium,low,8,namecheap,,,03/09/2026 22:16
715388b6-e6b5-4f4c-845b-f13b6794699d,algae.show,available,18.99,44.49,high,low,5,namesilo,,,18/09/2026 06:48
1171cbb5-ce16-4756-bcc1-aacf3716763f,bogus.show,available,14.99,56.99,medium,low,5,name.com,,,08/08/2026 22:58
340ff962-b0ce-49eb-af10-32abb488e7bc,bounden.show,available,14.99,56.99,medium,low,7,name.com,,,10/08/2026 21:56
453988f2-1ebe-4cff-9ec5-b0787aa7477a,idiocy.show,available,15.98,47.98,medium,low,6,namecheap,,,18/09/2026 18:58
3c1997bf-91bf-4138-a655-a38e2de76cb6,cuts.show,available,18.99,44.49,high,low,4,namesilo,,,19/09/2026 00:14
57ae1905-eecf-44b9-8dbe-571a64b24d08,surely.show,available,15.98,47.98,high,low,6,namecheap,,,24/09/2026 20:56
843e2dbf-93e4-4eab-b342-04750f45681a,neverending.show,available,17.99,,high,low,12,name.com,,,
7041bb8c-0bcd-43d3-97de-ce46b1f074c1,honey.show,resell,,,high,medium,5,"DNSPod, Inc.",04/07/2024 15:15,04/07/2027 15:15,26/09/2026 06:42
35897b1d-54ba-4ae2-a041-42c1647bbd8f,consumed.show,available,18.99,44.49,medium,low,8,namesilo,,,28/09/2026 22:51
bd016a5e-572f-4d4c-a305-49b0ff00cf6e,radcliffe.show,available,18.99,44.49,medium,low,9,namesilo,,,27/09/2026 07:53
59b79f91-6261-476a-8e57-0ff76db20d26,timed.show,available,15.98,47.98,high,low,5,namecheap,,,11/09/2026 16:00
4c07c2be-1149-4e1d-8648-0d5893dd195d,bel.show,available,18.99,44.49,high,low,3,namesilo,,,23/09/2026 04:21
9a9b88cb-0986-4cfb-a058-07b4ec0b50e6,nodes.show,available,34.2,34.2,medium,low,5,cloudflare,,,01/10/2026 18:29
ffdbea0f-a2d6-4c1c-b2d4-a53ff52fa6d7,fuss.show,available,15.98,47.98,high,low,4,namecheap,,,17/09/2026 09:21
7d9d289a-e259-4ba5-8584-124241601687,privately.show,available,15.98,47.98,high,low,9,namecheap,,,15/09/2026 04:43
c516937f-0534-49de-97fb-96427cf81b91,ingrained.show,available,14.99,56.99,medium,low,9,name.com,,,13/08/2026 22:49
30ca2907-a57c-4d94-afa4-e435a0ef472e,fiducial.show,available,14.99,56.99,medium,low,8,name.com,,,18/08/2026 03:40
4d67f221-d634-4a64-b0d4-c84989e29b87,damnable.show,available,14.99,56.99,medium,low,8,name.com,,,13/08/2026 16:29
9ca7c003-f6ec-4163-baf8-03f03fd73104,perfect.show,resell,,,high,medium,7,"Chengdu West Dimension Digital Technology Co., Ltd.",14/10/2022 13:15,14/10/2027 13:15,02/10/2026 05:29
dd48e11d-c485-4ebb-9899-c20acc0f47d4,gold.show,resell,,,high,medium,4,"Xiamen ChinaSource Internet Service Co., Ltd",28/12/2023 15:16,28/12/2026 15:16,26/09/2026 06:26
775cb446-8b16-45f1-9248-93ce87dcb281,seemed.show,available,18.99,44.49,medium,low,6,namesilo,,,18/09/2026 01:00
a4b1626e-e501-44d4-bd29-d2fabb43594b,stieglitz.show,available,18.99,44.49,medium,low,9,namesilo,,,18/09/2026 06:45
4825adfb-1cd2-45d2-b6d5-805e1f37355d,shut.show,available,14.99,56.99,high,low,4,name.com,,,12/08/2026 12:10
d70b4375-6fd4-47bd-adab-190a51fa60f0,destitute.show,available,14.99,56.99,medium,low,9,name.com,,,14/08/2026 04:32
7e8da544-0b50-4d9d-be94-30cb29bf8a0d,multiplying.show,available,34.2,34.2,high,low,11,cloudflare,,,01/10/2026 06:06
1d86806f-b995-4c34-85de-de43d39c477a,disposable.show,available,14.99,56.99,high,low,10,name.com,,,14/08/2026 12:03
06680b54-c523-43ab-9afb-3c9746268151,alerted.show,available,15.98,47.98,high,low,7,namecheap,,,30/09/2026 04:16
a2f4cd18-dcc5-41f9-a975-c184488b9560,rhythmical.show,available,15.98,47.98,high,low,10,namecheap,,,09/09/2026 17:05
206573a4-7f46-4ae7-92a9-77ed5db8ce5f,protesting.show,available,18.99,44.49,high,low,10,namesilo,,,29/09/2026 08:58
29aca9e3-6983-49a7-9f3a-9fb9cb1fe4fd,concede.show,available,34.2,34.2,high,low,7,cloudflare,,,01/10/2026 04:09
bc4997ec-3e2b-4011-aae9-1dd3ff0d9875,amnesia.show,available,18.99,44.49,high,low,7,namesilo,,,18/09/2026 22:18
f585839f-9d50-406b-8a5d-32d4162e7dae,ghosh.show,available,18.99,44.49,medium,low,5,namesilo,,,29/09/2026 15:46
fa789162-1bd4-4056-a56c-a2e0a6564510,auspices.show,available,18.99,44.49,medium,low,8,namesilo,,,17/09/2026 12:16
a6831ad6-b310-4794-886e-a71450c655d0,antidotal.show,available,14.99,56.99,medium,low,9,name.com,,,
5423555d-c074-4d2a-92ad-3a2fa3934552,variously.show,available,15.98,47.98,medium,low,9,namecheap,,,14/09/2026 13:23
02683167-77e4-46c3-b02b-44872b85213d,zoophagous.show,available,14.99,56.99,low,low,10,name.com,,,18/08/2026 07:58
b033ae0f-a25e-4157-b9e1-a0663c181872,approaches.show,available,8.24,35.53,high,low,10,porkbun,,,01/10/2026 16:38
94e63632-0568-499d-8c75-57ba79c297ad,springtime.show,available,17.99,,high,low,11,name.com,,,
6d6a48c3-63ce-4309-948a-22cb0c5db0fb,tranquil.show,available,14.99,56.99,high,low,8,name.com,,,11/08/2026 14:53
059adeb3-2830-4151-bee9-7646d1852ca6,claudius.show,available,15.98,47.98,medium,low,8,namecheap,,,01/10/2026 18:58
f75eab51-6629-4a25-ad73-23c665d31e49,competing.show,available,18.99,44.49,high,low,9,namesilo,,,01/10/2026 10:19
80df7e42-402d-4a8f-b889-096ab03ba17f,sinn.show,available,18.99,44.49,high,low,4,namesilo,,,28/09/2026 15:48
05eed242-6b54-4338-b54e-3c0ec9c7047f,aku.show,available,15.98,47.98,high,low,3,namecheap,,,18/09/2026 00:16
e9a39b92-9518-45aa-8294-6ca24ea24b25,ewart.show,available,18,,medium,low,5,unstoppable,,,30/09/2026 21:28
6fb0865a-f72d-49bf-b3ec-6d9b1037889e,iatrogenic.show,available,14.99,56.99,medium,low,10,name.com,,,21/08/2026 17:30
9cd725d0-60f1-4753-8661-7094273cf49c,humbled.show,available,14.99,56.99,medium,low,7,name.com,,,21/08/2026 15:00
400595c0-cf5a-4b8e-b7bf-59b0e45dfb4d,bearnaise.show,available,15.98,47.98,medium,low,9,namecheap,,,22/09/2026 21:23
9fda8f9c-a81d-4ccb-9080-28dd6694e1ba,recognized.show,available,18.99,44.49,high,low,10,namesilo,,,21/09/2026 15:28
d1b8bd92-d46f-4c01-8c28-671b17696f66,voluntary.show,available,15.98,47.98,high,low,9,namecheap,,,13/09/2026 07:07
248aa078-439a-4910-8a29-f3f264edbf84,lethal.show,available,14.99,56.99,high,low,6,name.com,,,23/08/2026 00:26
240b43c6-528c-473b-ba9a-3d74895f68c4,tuneful.show,available,14.99,56.99,high,low,7,name.com,,,24/08/2026 19:43
36dfd131-0ba8-4670-a67f-d66327c087fd,yogi.show,available,18.99,44.49,high,low,4,namesilo,,,23/09/2026 10:04
23bd1893-310e-4f68-a66a-23671c115edd,alessandro.show,available,34.2,34.2,medium,low,10,cloudflare,,,28/09/2026 05:03
cb0f4f28-88b6-44b6-8bde-e167c9c5f604,puzzles.show,available,15.98,47.98,medium,low,7,namecheap,,,18/09/2026 10:35
25f331c2-7a43-47c3-b391-b42280a077c2,throated.show,available,15.98,47.98,medium,low,8,namecheap,,,11/09/2026 14:39
5e9ee3ad-2b61-4e57-9d72-981ad5b7cd13,helicopter.show,available,18.99,44.49,high,low,10,namesilo,,,25/09/2026 05:19
12608ffa-f6fd-4f89-8d38-9950cc128d55,sosa.show,available,18,,medium,low,4,unstoppable,,,01/10/2026 06:54
db5aa9ca-ab62-4658-8a14-cef7ace793a9,infection.show,available,15.98,47.98,medium,low,9,namecheap,,,27/09/2026 04:34
9f391e9f-50be-4af2-9c6a-a2ca61971da0,pratt.show,available,18.99,44.49,high,low,5,namesilo,,,25/09/2026 12:12
1fe0ac41-12ac-49c8-bae7-8fdb45642657,warmer.show,available,14.17,35.39,high,low,6,spaceship,,,28/09/2026 05:58
be0d9cee-f6eb-4f65-abbb-3b005ec8a2b8,barlow.show,available,15.98,47.98,high,low,6,namecheap,,,29/09/2026 03:31
3eeb20b5-7588-43c5-b2c1-5119464829f2,tasteless.show,available,15.98,47.98,medium,low,9,namecheap,,,11/09/2026 09:02
1be1475a-51e3-4d00-a3b6-5c300aa279ec,dark.show,resell,,,high,medium,4,"Sav.com, LLC - 10",23/03/2026 15:16,23/03/2027 15:16,26/09/2026 05:25
2a17b848-ebd2-49e2-9e9e-09a3b77bb02a,prereq.show,available,8.24,35.53,high,low,6,porkbun,,,30/09/2026 20:25
4253ee6e-6f28-4ca4-9217-56b44ef2ce82,hotcake.show,available,15.98,47.98,high,low,7,namecheap,,,22/09/2026 14:33
3581c389-a141-4564-ab5f-1c64d98d4f30,jiangsu.show,available,34.2,34.2,medium,low,7,cloudflare,,,29/09/2026 09:39
d8a50287-dee1-4f56-bec3-56efd1d4c35f,wells.show,available,18.99,44.49,high,low,5,namesilo,,,27/09/2026 04:19
a9c25a65-bfeb-48e2-87eb-bd5e40968666,kissed.show,available,8.24,36.6,medium,low,6,dynadot,,,28/09/2026 04:54
9a6de29b-8fed-4f7a-bb8f-c9148bf29106,andreas.show,available,15.98,47.98,high,low,7,namecheap,,,25/09/2026 13:21
ff395604-86a2-4cc9-ae7d-75dcf483efc9,prioritize.show,available,8.24,36.6,high,low,10,dynadot,,,30/09/2026 21:21
677534f3-861a-4a7d-89e0-0f51c08cc717,seniority.show,available,14.17,35.39,high,low,9,spaceship,,,30/09/2026 17:37
20cadbdf-155f-4890-b98d-148d7b6fd46d,overactive.show,available,14.99,56.99,medium,low,10,name.com,,,21/08/2026 16:42
21a56ca2-6a70-42f8-ad42-f973201d3fbb,pigment.show,available,14.17,35.39,high,low,7,spaceship,,,01/10/2026 21:10
0501b4d0-6f77-4200-946d-6682fb4ac036,unannounced.show,available,8.24,35.53,medium,low,11,porkbun,,,02/10/2026 01:44
b1c9280a-a7bd-459b-b2b1-ce9aa3171e2a,renewing.show,available,15.98,47.98,high,low,8,namecheap,,,09/09/2026 14:06
cf3d6bd3-575c-47a5-8131-312b80d6214f,arbitrary.show,available,14.99,56.99,high,low,9,name.com,,,06/08/2026 12:54
3012741e-92f9-4213-a3da-9f59558d45ff,mathew.show,available,15.98,47.98,medium,low,6,namecheap,,,28/09/2026 16:30
75d04f41-2bed-4e9d-96ca-a8390b039f15,metabolous.show,available,14.99,56.99,medium,low,10,name.com,,,24/08/2026 21:28
b8c2cffd-d0e3-421d-8ffb-66b77f74669d,caparison.show,available,18.99,44.49,medium,low,9,namesilo,,,22/09/2026 05:11
576eb7db-5914-4eb7-a402-5b3be535079e,imprisonment.show,available,8.24,35.53,medium,low,12,porkbun,,,28/09/2026 22:40
894c63ca-5524-418e-b368-b848c1c9b09e,mercado.show,available,34.2,34.2,high,low,7,cloudflare,,,01/10/2026 11:41
e6dff3a1-96be-4703-9a66-8ff049f77a0f,shovel.show,available,18.99,44.49,high,low,6,namesilo,,,28/09/2026 15:04
20d39edf-64dc-442a-bb9a-30ef4699a481,yamaha.show,available,18.99,44.49,high,low,6,namesilo,,,29/09/2026 03:39
126d4080-4a01-4e0f-8227-7b70a791ab31,susquehanna.show,available,18.99,44.49,medium,low,11,namesilo,,,27/09/2026 01:59
37a8d6c8-8980-4703-a18d-0866bc7d387b,surgically.show,available,18.99,44.49,medium,low,10,namesilo,,,16/09/2026 07:41
f35243d7-9b1d-46c6-bdb8-2d7a04b33516,yearning.show,available,14.17,35.39,high,low,8,spaceship,,,30/09/2026 17:56
8143cc8d-b773-49ef-aaef-0f83a53cbee9,mutant.show,available,15.98,47.98,high,low,6,namecheap,,,03/09/2026 11:39
0bf1148e-d5a3-4527-80c4-288eaf3edca4,rockefeller.show,available,18.99,44.49,high,low,11,namesilo,,,25/09/2026 12:15
1f39f69a-1f3d-43b3-bbfa-780533ef1f03,dortmund.show,available,15.98,47.98,medium,low,8,namecheap,,,29/09/2026 18:41
66686c37-7c9e-4c52-abe1-e103f234137d,discharged.show,available,14.99,56.99,medium,low,10,name.com,,,14/08/2026 09:49
7bb626cb-f20b-49f3-8a3f-d9d6a9bc904a,mentality.show,available,18,,medium,low,9,unstoppable,,,29/09/2026 06:09
629e5562-0221-4dd4-ba55-84630b920d03,chloride.show,available,14.17,35.39,medium,low,8,spaceship,,,30/09/2026 09:09
7732ec85-7f05-4679-ab6e-557f348d31d6,abaxial.show,available,14.99,56.99,medium,low,7,name.com,,,
4a3e6484-2d74-4a1e-9599-3ae00aed5b5d,sociably.show,available,15.98,47.98,medium,low,8,namecheap,,,14/09/2026 22:21
2b7158e7-9dac-44c0-ba07-e724147fe332,ravioli.show,available,18.99,44.49,high,low,7,namesilo,,,24/09/2026 12:37
ff57d2cc-6eb8-4fd9-be9f-cb0d79cb6df7,myoid.show,available,15.98,47.98,low,low,5,namecheap,,,03/09/2026 12:10
f4ffc283-01d8-455e-bd96-594b3222d668,valdez.show,available,8.24,35.53,medium,low,6,porkbun,,,28/09/2026 20:43
589fd285-faf9-4906-b111-5b8e15acfa51,gdp.show,available,18.99,44.49,high,low,3,namesilo,,,25/09/2026 06:24
09b57f76-d205-4609-94ed-48f2ed726e46,currawong.show,available,18.99,44.49,medium,low,9,namesilo,,,23/09/2026 05:33
89b055d5-5743-4ab6-93cf-00e0015b3349,statutory.show,available,15.98,47.98,medium,low,9,namecheap,,,10/09/2026 19:20
32c875aa-8506-4030-b98b-a6ed9e0b53d4,fuzzed.show,available,14.99,56.99,medium,low,6,name.com,,,18/08/2026 19:20
31965836-47d7-432f-9ecd-ab9f78d4874e,rutledge.show,available,8.24,35.53,medium,low,8,porkbun,,,29/09/2026 01:29
c9b07881-e69a-4109-8544-243229214267,copied.show,available,34.2,34.2,medium,low,6,cloudflare,,,28/09/2026 17:26
262897a7-d69d-4d93-93eb-3deb6d7aaa91,letup.show,available,17.99,,medium,low,6,name.com,,,
ba2aa7cb-f8f4-4499-b5a1-ebed78eb7124,module.show,available,14.17,35.39,high,low,6,spaceship,,,28/09/2026 19:09
abef607c-b9c9-4f21-8937-ef2f1a7294f0,policeman.show,available,18.99,44.49,high,low,9,namesilo,,,27/09/2026 05:03
c789a6c1-dc3d-40df-a414-084dc6c3b9d2,findings.show,available,14.17,35.39,medium,low,8,spaceship,,,28/09/2026 19:12
ef9d139b-66e3-4b37-808e-2c9f03560fc2,fiery.show,available,14.99,56.99,high,low,5,name.com,,,06/08/2026 16:24
293737b7-6365-4a9b-ba7b-3d579147c177,sarasota.show,available,18,,medium,low,8,unstoppable,,,28/09/2026 20:23
d646f18e-b91f-49b6-9608-91959248cefd,aldebaran.show,available,15.98,47.98,medium,low,9,namecheap,,,18/09/2026 04:20
b8b89670-c68e-42ad-97cc-447c1320c442,connecting.show,available,18,,medium,low,10,unstoppable,,,28/09/2026 22:52
a2043f9f-4b87-4934-b6bc-23522b00a1ba,christy.show,available,34.2,34.2,high,low,7,cloudflare,,,29/09/2026 21:38
efb999e5-9fb0-4a35-a3d2-3ad546d1bc74,parietal.show,available,15.98,47.98,medium,low,8,namecheap,,,08/09/2026 01:33
92567c83-2402-461d-a7a1-0e45f063a65f,octave.show,available,18,,high,low,6,unstoppable,,,02/10/2026 05:50
87f57387-b40e-444a-94d9-78d17dedb1f6,cats.show,resell,,,high,low,4,"DNSPod, Inc.",30/05/2019 04:23,30/05/2027 04:23,26/09/2026 04:48
1620e20c-aa9f-4f0f-9695-b24b9fe64c00,malefic.show,available,14.99,56.99,medium,low,7,name.com,,,24/08/2026 13:50
bdb4ccd4-e201-42e5-9091-5ab8c9050965,puri.show,available,14.17,35.39,high,low,4,spaceship,,,30/09/2026 11:54
23a49cd9-4384-4a14-bdd6-4028012ca806,yea.show,available,18.99,44.49,high,low,3,namesilo,,,16/09/2026 11:48
35e11665-5087-460b-adac-349d6b9dc989,uppity.show,available,15.98,47.98,medium,low,6,namecheap,,,12/09/2026 23:17
12e3f803-3b2e-4ffe-b211-31d2e318c92c,ripped.show,available,14.17,35.39,high,low,6,spaceship,,,27/09/2026 17:41
d8b0bf3f-c46a-4d91-8993-75205a9de657,spinach.show,available,18.99,44.49,high,low,7,namesilo,,,30/09/2026 10:54
dc973f1c-5ced-480b-9101-753f5a3a77f4,coffee.show,resell,,,high,medium,6,"Xiamen ChinaSource Internet Service Co., Ltd",08/02/2021 08:33,08/02/2027 08:33,29/09/2026 10:14
1e7254fd-5c13-4837-909c-5909764515d7,unworried.show,available,14.99,56.99,medium,low,9,name.com,,,11/08/2026 19:03
8e1f5db2-b276-4e4f-9e03-b3250126d3fe,scorpion.show,available,18.99,44.49,high,low,8,namesilo,,,30/09/2026 02:48
4093101f-8b9b-42ae-ad58-00ec2c0ce636,stupidity.show,available,18.99,44.49,medium,low,9,namesilo,,,23/09/2026 11:18
2b3a2a3f-bbb5-4563-976b-5de1fc8dd4a9,hemp.show,premium,123.75,123.75,high,low,4,name.com,,,24/09/2026 12:04
3a09378e-d88c-4fba-9e2e-ecc58493c4e6,medina.show,available,18.99,44.49,high,low,6,namesilo,,,18/09/2026 01:29
7ed52263-a25a-4cf9-bca6-f9d6a3a1e335,horseback.show,available,18.99,44.49,high,low,9,namesilo,,,21/09/2026 23:38
eb55120f-1feb-4e3f-93d0-e1def68e5e02,inchoate.show,available,14.99,56.99,medium,low,8,name.com,,,22/08/2026 01:16
1e984236-4d01-49ac-966c-ec50ccc87f98,lustful.show,available,14.99,56.99,medium,low,7,name.com,,,12/08/2026 20:18
f9708be8-3eba-4c12-8ab0-9722ed124a71,suffered.show,available,15.98,47.98,low,low,8,namecheap,,,27/09/2026 02:46
121526f4-7fca-4800-8f0f-9c490c2b8612,monetary.show,available,15.98,47.98,high,low,8,namecheap,,,25/09/2026 21:29
582af603-6753-4053-ab16-a92af6affaa1,almagrib.show,available,14.99,56.99,medium,low,9,name.com,,,24/08/2026 16:25
8f31d380-e2a0-4a55-a113-3e7f5c0a53a1,drama.show,resell,,,high,low,5,"DNSPod, Inc.",07/03/2023 15:15,07/03/2030 15:15,26/09/2026 05:40
e4bb6040-c553-49bd-a942-432e2b72f3c7,outlaw.show,available,15.98,47.98,high,low,6,namecheap,,,24/09/2026 01:45
ffbb0691-d66b-4507-9aee-3b45220f8a0c,harvesting.show,available,34.2,34.2,high,low,10,cloudflare,,,01/10/2026 02:26
60b779b7-ca12-4ab8-911e-19ecebe40cd7,slovenly.show,available,14.99,56.99,medium,low,8,name.com,,,18/08/2026 16:55
4136d1f4-26c1-494f-b32d-771c2c3d1fd2,diffident.show,available,14.99,56.99,medium,low,9,name.com,,,14/08/2026 07:01
c16c95c2-50cd-4ec4-9710-e56bcc58ea62,improbably.show,available,15.98,47.98,medium,low,10,namecheap,,,15/09/2026 02:27
6cf292b3-5fb3-4906-bcae-0a8230576244,etch.show,available,14.17,35.39,high,low,4,spaceship,,,30/09/2026 19:14
548a8987-8e76-4792-9a6b-1c8e2824d310,astutely.show,available,14.99,56.99,medium,low,8,name.com,,,13/09/2026 22:20
0f186b57-952f-4778-a5c4-90895a16b599,rolfe.show,available,18,,medium,low,5,unstoppable,,,30/09/2026 05:32
ec541231-47a8-4bc8-9f82-af2697d467d8,ingenious.show,available,15.98,47.98,high,low,9,namecheap,,,25/09/2026 11:07
63182d02-2402-48ff-8db7-4aef5f41c580,neurotoxic.show,available,15.98,47.98,medium,low,10,namecheap,,,03/09/2026 16:25
1b9d4436-221a-4f2a-80e1-65f936317207,russian.show,available,18.99,44.49,high,low,7,namesilo,,,27/09/2026 17:35
b5b0a714-8b24-41a5-8e86-53fc1c2aa880,whom.show,available,17.99,,medium,low,4,name.com,,,
88df33a3-3800-44e4-b149-330f88a3a188,scenario.show,available,15.98,47.98,high,low,8,namecheap,,,28/09/2026 06:43
8669aa8a-b4d2-4fb0-8868-980c05064071,hart.show,available,34.2,34.2,high,medium,4,cloudflare,,,01/10/2026 19:57
ea2cb1ee-1f32-4144-a8fb-92819d88f3e0,prayed.show,available,18.99,44.49,medium,low,6,namesilo,,,18/09/2026 02:41
d76fc354-821f-43bb-a575-13f0c9ac4fef,blanched.show,available,14.99,56.99,medium,low,8,name.com,,,07/08/2026 02:14
559fee95-bcf1-4c35-bb79-64c935dbc148,mcmaster.show,available,8.24,35.53,medium,low,8,porkbun,,,29/09/2026 01:24
b6bc7015-f3ee-4fde-856e-dbbb06c2a24d,sellers.show,available,18,,high,low,7,unstoppable,,,29/09/2026 13:41
336b53bd-1d2d-456e-b983-b7b009491560,worried.show,available,15.98,47.98,high,low,7,namecheap,,,24/09/2026 11:23
edde791e-26fb-47ba-986f-475c3932efc4,lourdes.show,available,14.17,35.39,medium,low,7,spaceship,,,29/09/2026 09:34
91810677-29fd-48b8-809e-d497d61a7879,seasonal.show,available,15.98,47.98,high,low,8,namecheap,,,10/09/2026 00:58
9b0a834c-c379-47b6-b66c-a4febd6e97db,sensing.show,available,14.17,35.39,high,low,7,spaceship,,,29/09/2026 14:15
99434586-f20e-4852-b3d2-39ee3363da15,roth.show,available,18.99,44.49,high,low,4,namesilo,,,25/09/2026 09:56
a29588bc-447a-4e3f-a6f6-6d28eded5d03,aloes.show,available,18.99,44.49,medium,low,5,namesilo,,,18/09/2026 13:07
b85d425e-dee3-429e-869e-35d5294ccd3d,monty.show,available,14.17,35.39,medium,low,5,spaceship,,,28/09/2026 11:58
d38ea1a0-3865-44f5-a9f7-62e494fe785b,unfaithful.show,available,14.99,56.99,medium,low,10,name.com,,,17/08/2026 21:18
23e5b20c-7bf7-4944-97fe-f09d4a612ee4,lii.show,available,14.99,56.99,medium,low,3,name.com,,,
5ba70800-78f8-4423-861c-e36f341b79a4,evers.show,available,34.2,34.2,high,low,5,cloudflare,,,30/09/2026 17:14
3e77b44e-2809-43d1-9942-4d57e5b5d8cb,poetics.show,available,18.99,44.49,high,low,7,namesilo,,,01/10/2026 03:18
166ec0c2-f3f0-43a0-a4f0-dad62b847753,shaver.show,available,14.99,56.99,medium,low,6,name.com,,,25/08/2026 00:03
105a6532-0b05-4400-925c-9bba9bbfc352,northern.show,available,14.99,56.99,high,low,8,name.com,,,25/09/2026 23:11
c328bcdd-57b6-4a1b-b6fa-6c5d4e4c8b92,yale.show,available,18.99,44.49,high,low,4,namesilo,,,25/09/2026 05:27
af656707-22a5-4db1-a358-0bb2265170bd,oaks.show,available,18.99,44.49,medium,low,4,namesilo,,,20/09/2026 04:44
e2c051b6-38f4-426b-9f9d-46cbd76cd031,crackling.show,available,14.99,56.99,high,low,9,name.com,,,13/08/2026 04:27
4b86c633-e1b6-42ce-9050-2b399a237f78,aliform.show,available,14.99,56.99,medium,low,7,name.com,,,
1df95bc9-4df0-4a8e-8888-e6b62f38aa08,dedicate.show,available,14.17,35.39,high,low,8,spaceship,,,30/09/2026 18:29
89f2de80-522d-4c6e-8c1c-dd85453cac1f,tangent.show,available,15.98,47.98,high,low,7,namecheap,,,01/10/2026 04:00
62e71db8-7bb5-45d2-836e-845282d4178d,bottle.show,available,18.99,44.49,high,low,6,namesilo,,,24/09/2026 07:30
19e8e3a8-13ca-4f54-b468-ebb30a31cf88,styria.show,available,34.2,34.2,medium,low,6,cloudflare,,,30/09/2026 21:45
1f762c9b-011f-4fba-9611-185856c72c11,ceramics.show,available,18.99,44.49,high,low,8,namesilo,,,30/09/2026 16:39
f8ac5270-ff6f-4f62-8e85-27954a39d610,atropa.show,available,18.99,44.49,medium,low,6,namesilo,,,21/09/2026 00:54
71b97f70-22a0-4019-940b-a8e428abcea8,adoptable.show,available,14.99,56.99,high,low,9,name.com,,,
f7a92803-c102-4d91-baa2-98a993755ff8,homophobic.show,available,14.99,56.99,medium,low,10,name.com,,,21/08/2026 13:04
eb554749-5c6d-4012-a8da-fa4165d7bd3b,taxonomy.show,available,14.17,35.39,high,low,8,spaceship,,,30/09/2026 03:01
c3c0df86-7ca2-49bf-98ee-e4df185cb7e3,wilted.show,available,14.99,56.99,medium,low,6,name.com,,,23/08/2026 13:24
af60e141-081f-4ea8-b974-1676c111df2c,soaker.show,available,14.99,56.99,medium,low,6,name.com,,,
f9e0020c-4ec6-4696-aa1d-614b7dfef9db,deciphered.show,available,14.99,56.99,medium,low,10,name.com,,,13/08/2026 21:34
c4dd67d5-9181-4313-8b85-6777759c5e83,fisher.show,available,15.98,47.98,high,low,6,namecheap,,,24/09/2026 00:24
ea04dfd1-6f3f-44ac-80c0-9516eccef71b,pitt.show,available,15.98,47.98,high,low,4,namecheap,,,25/09/2026 06:04
abe17260-5e08-4008-8896-b93b870c9b0f,skimpy.show,available,15.98,47.98,high,low,6,namecheap,,,10/09/2026 09:36
f01c0247-1f84-4a1f-90a1-79d79b0b0518,desiccated.show,available,14.99,56.99,medium,low,10,name.com,,,14/08/2026 03:33
e63d1639-3e1b-4709-af1c-62c0444f1dba,packable.show,available,15.98,47.98,medium,low,8,namecheap,,,04/09/2026 22:41
0fb7800c-5320-44d0-beea-cbff862fbcb1,antitrade.show,available,18.99,44.49,medium,low,9,namesilo,,,19/09/2026 15:13
ad33e6d1-f7cc-4740-8d84-fdb6b486c2d3,priorities.show,available,14.17,35.39,medium,low,10,spaceship,,,28/09/2026 17:39
155c4dbf-9108-4710-8301-d17a25261f64,invariable.show,available,14.99,56.99,high,low,10,name.com,,,12/08/2026 22:58
ec419e99-1b9f-45ee-9efb-1985c8b1624b,aunt.show,available,18.99,44.49,high,low,4,namesilo,,,28/09/2026 23:17
dc13b2d7-6bbb-4bed-aac9-551c50a62214,advisement.show,available,18.99,44.49,medium,low,10,namesilo,,,17/09/2026 11:32
d137b72c-5dfa-4d46-bb79-ec823da606ff,sends.show,available,18.99,44.49,medium,low,5,namesilo,,,27/09/2026 03:02
e158ec52-9a59-4203-85c7-96d2c58faf38,zovirax.show,available,18.99,44.49,medium,low,7,namesilo,,,17/09/2026 05:42
e8a86567-aa36-4d36-8030-ab0da7b26e36,deletion.show,available,15.98,47.98,medium,low,8,namecheap,,,24/09/2026 21:34
8c90cc78-66c5-40aa-aa1c-34bb03f2f612,bangui.show,available,15.98,47.98,medium,low,6,namecheap,,,22/09/2026 02:03
69999c42-ff30-4a05-9de3-bf424ab7d832,verpa.show,available,18.99,44.49,medium,low,5,namesilo,,,23/09/2026 05:34
5eabfb19-9749-4680-8e4a-bc5f70961c17,hal.show,available,18.99,44.49,high,low,3,namesilo,,,25/09/2026 12:39
a7762d6f-8f48-4156-970d-3ad45d261623,deliberately.show,available,14.17,35.39,medium,low,12,spaceship,,,28/09/2026 11:27
b4a517b4-aa0a-4c0c-bd35-286054789a2b,flashily.show,available,15.98,47.98,medium,low,8,namecheap,,,14/09/2026 18:54
ae1c5c3b-1096-4bb0-9f95-11d32acdd2b0,wilderness.show,available,18,,high,low,10,unstoppable,,,28/09/2026 15:33
031c5e57-9df5-49df-b0bb-6277ee0e016a,anatomical.show,available,14.99,56.99,medium,low,10,name.com,,,
610a2e3a-27f5-4305-b626-822d615d1c1a,tumid.show,available,14.99,56.99,medium,low,5,name.com,,,10/08/2026 18:05
b8248465-ef48-458e-b76f-eb19d3add9c7,rather.show,available,18.99,44.49,medium,low,6,namesilo,,,28/09/2026 15:59
9018b903-2e8f-4609-8f2a-7ee9ccbe023f,alsatian.show,available,14.99,56.99,medium,low,8,name.com,,,
67e7f1db-7234-4e58-bc35-8590320ba86d,onto.show,available,34.2,34.2,high,low,4,cloudflare,,,01/10/2026 02:29
574236ba-0cf4-4488-8b67-b6ea84cd5133,blackfriar.show,available,14.99,56.99,medium,low,10,name.com,,,14/08/2026 15:46
68c64b16-fa30-484e-aef2-df55b9740ab6,pointers.show,available,18.99,44.49,medium,low,8,namesilo,,,02/10/2026 02:15
a40bad5a-d6a8-4248-bf5b-59cc488f7c4a,trudy.show,available,14.17,35.39,medium,low,5,spaceship,,,30/09/2026 21:14
98c6588a-0eca-4713-a173-d15016879909,armrest.show,available,18.99,44.49,medium,low,7,namesilo,,,20/09/2026 07:41
73c4885f-7784-46d6-8627-250331861928,sensitivity.show,available,14.17,35.39,high,low,11,spaceship,,,28/09/2026 12:30
39104729-b817-4fe3-89e1-b0ee09fc472f,bleak.show,available,,,medium,low,5,,,,
8819e2cd-3f97-4b46-9787-cc6960a7d4dd,restore.show,available,18.99,44.49,high,low,7,namesilo,,,28/09/2026 01:17
b01b2d63-f92b-43c7-9d54-fd75d2e6035e,staffing.show,available,14.17,35.39,high,low,8,spaceship,,,02/10/2026 05:41
873c85ae-b3fd-48a6-aae9-7b58fd4b4b90,likes.show,available,17.99,,medium,low,5,name.com,,,
5414e8b0-c25d-4a42-af5c-6b2cb841770e,pharmaceutical.show,available,18.99,44.49,high,low,14,namesilo,,,19/09/2026 04:12
464a5941-f850-4c9a-b9c1-4716a066ea95,eventually.show,available,15.98,47.98,high,low,10,namecheap,,,14/09/2026 16:32
97ade318-dda1-4f55-a5c9-030ae7f677b0,knee.show,available,14.99,56.99,high,low,4,name.com,,,20/09/2026 11:27
4a885334-ac3c-43fb-a10a-a8ec933c72b8,acquiesce.show,available,18.99,44.49,medium,low,9,namesilo,,,20/09/2026 16:11
650072fc-89e7-450d-b6e6-7ae78408eea1,pied.show,available,15.98,47.98,high,low,4,namecheap,,,03/09/2026 10:39
37b7a3f9-44f6-4235-b9be-0dff0177f448,machines.show,available,14.17,35.39,high,low,8,spaceship,,,01/10/2026 04:58
9bc3a6d0-114f-4a00-9cb5-011f9b0b5989,chatterbox.show,available,18.99,44.49,high,low,10,namesilo,,,21/09/2026 12:28
242facbf-5fad-4258-96e2-066530234ea3,napkins.show,available,15.98,47.98,medium,low,7,namecheap,,,21/09/2026 05:52
69082b04-f141-4489-af13-ab1ca8877763,feels.show,available,18.99,44.49,high,low,5,namesilo,,,01/10/2026 09:54
47549e42-0fc8-447f-894b-e1df15491349,daughterly.show,available,14.99,56.99,medium,low,10,name.com,,,13/08/2026 18:46
7f6675db-501e-45f3-ae3b-f695a9c4cf12,imprisoned.show,available,14.99,56.99,medium,low,10,name.com,,,11/08/2026 18:22
5f8894d6-0327-4e2b-86ad-056614513518,bionic.show,available,14.99,56.99,high,low,6,name.com,,,10/08/2026 02:17
0970f0a6-b7de-47af-8ea0-af8e4ac8015c,belladonna.show,available,18.99,44.49,medium,low,10,namesilo,,,21/09/2026 00:55
ab2d06ac-25b3-40aa-a4e2-b4204c14a013,abolition.show,available,15.98,47.98,high,low,9,namecheap,,,16/09/2026 16:28
10805abd-512e-4ab9-b9cd-c963aec47531,agaricus.show,available,18.99,44.49,medium,low,8,namesilo,,,17/09/2026 16:23
99155062-996e-4c9f-9173-bdec6841ca8e,laurence.show,available,14.17,35.39,high,low,8,spaceship,,,30/09/2026 06:35
c3403f31-44af-438a-a7ab-1464de8dceb4,sailors.show,available,14.17,35.39,medium,low,7,spaceship,,,28/09/2026 13:06
3432df51-6e30-41b1-a703-3c84e5058bcd,discipline.show,available,18.99,44.49,high,low,10,namesilo,,,19/09/2026 11:34
a6b03a4f-62f4-4567-ba16-549e847c845a,outmoded.show,available,14.99,56.99,medium,low,8,name.com,,,14/08/2026 01:15
9b65a357-04b4-45b3-b872-69b7e6b514b0,jaime.show,available,34.2,34.2,high,low,5,cloudflare,,,28/09/2026 04:40
f632bb10-b70e-4465-a784-df8b89bff683,downs.show,available,18.99,44.49,medium,low,5,namesilo,,,29/09/2026 09:11
a7c1c758-4fe7-4ef9-9631-387a8fb7d33b,thrust.show,available,15.98,47.98,high,low,6,namecheap,,,25/09/2026 00:11
890a6dbf-9da6-4413-a151-6aee8606402e,stays.show,available,15.98,47.98,high,low,5,namecheap,,,24/09/2026 18:24
161d21ac-9dab-4edc-8b53-cdcf6250d403,workman.show,available,8.24,36.6,medium,low,7,dynadot,,,01/10/2026 22:04
12bad43b-c3c0-403d-bbc8-79bde1350486,unavoidable.show,available,8.24,36.6,high,low,11,dynadot,,,30/09/2026 11:43
7a96e2f9-a0f5-46a0-8504-0a42da2571a8,libre.show,available,18.99,44.49,high,low,5,namesilo,,,01/10/2026 22:14
86cb178c-95e6-4df7-ae6f-0a7c9f975bbb,testify.show,available,18.99,44.49,high,low,7,namesilo,,,25/09/2026 11:08
0b56f400-639a-4904-882a-db0618f8011e,sceptical.show,available,14.99,56.99,medium,low,9,name.com,,,14/08/2026 09:36
228c7c3b-791f-424b-9c59-489e95ee540f,sandusky.show,available,15.98,47.98,medium,low,8,namecheap,,,28/09/2026 22:26
17928ca9-ecd5-4f5f-bd1f-1e61d66b90fb,rivas.show,available,15.98,47.98,high,low,5,namecheap,,,01/10/2026 09:54
97cd887e-2784-4faf-b5c6-5291f3733f20,apogee.show,available,15.98,47.98,high,low,6,namecheap,,,19/09/2026 18:28
43c6155e-bc73-4ed0-92a2-4dcb575319ee,eats.show,available,18.99,44.49,high,low,4,namesilo,,,24/09/2026 14:57
c3a50963-e4f4-4bc7-96f5-d32b4e422218,knew.show,available,17.99,,medium,low,4,name.com,,,
0f61095d-3029-4fc1-b44c-0368e1a989b3,junior.show,available,15.98,47.98,high,low,6,namecheap,,,25/09/2026 12:12
66bdcbd9-966d-4e8d-b1bb-493d2a4a2e08,transmit.show,available,8.24,36.6,high,low,8,dynadot,,,29/09/2026 04:29
dd9868e9-9620-4f4a-85aa-1724f175929f,all.show,resell,,,high,medium,3,"DNSPod, Inc.",16/10/2017 04:06,16/10/2035 04:06,26/09/2026 03:48
5306aed4-af71-4489-9c77-74b3e763cdfb,insist.show,available,8.24,35.53,high,low,6,porkbun,,,30/09/2026 20:17
8c58e84b-d008-497c-a0d2-02ada44b0f0e,viacom.show,available,8.24,35.53,high,low,6,porkbun,,,30/09/2026 13:49
22cef814-3268-4e64-9715-71bef6197999,rudyard.show,available,8.24,36.6,medium,low,7,dynadot,,,01/10/2026 10:43
fef15643-f0f5-4aef-969b-aeb99a5180fc,soddy.show,available,15.98,47.98,medium,low,5,namecheap,,,17/09/2026 09:26
a5c39b56-6786-467d-912b-4b8dec5f1565,historied.show,available,14.99,56.99,medium,low,9,name.com,,,21/08/2026 09:53
e9e4da2b-828b-4833-a336-aaaac77770c3,forbidden.show,available,14.99,56.99,medium,low,9,name.com,,,18/08/2026 10:59
658cf865-6351-43ce-9cf0-d575567aff05,blankness.show,available,18.99,44.49,medium,low,9,namesilo,,,24/09/2026 04:02
ca842d60-30df-4c8f-b130-6ad7950c4ada,nursery.show,available,15.98,47.98,high,low,7,namecheap,,,24/09/2026 23:01
58e92e01-b89c-40cb-80f3-6eaf4f0a6a95,moreland.show,available,18.99,44.49,medium,low,8,namesilo,,,30/09/2026 12:36
0ecd9ee1-8f60-46ec-a85a-2b9732272c67,inhumane.show,available,14.99,56.99,medium,low,8,name.com,,,22/08/2026 05:17
d44557d4-7396-4379-83ee-61b007e63094,swam.show,available,14.17,35.39,medium,low,4,spaceship,,,30/09/2026 05:56
316bbb17-d087-4ec3-8595-20ca2df65929,auricle.show,available,18.99,44.49,medium,low,7,namesilo,,,21/09/2026 00:43
1a66068b-86ef-412d-984e-0c978ff04ba1,roddy.show,available,15.98,47.98,high,low,5,namecheap,,,30/09/2026 20:26
7d38cf65-4959-499c-b86f-51305b2123f5,dully.show,available,15.98,47.98,low,low,5,namecheap,,,14/09/2026 14:43
d57263c5-c535-479e-b1ec-33b8ad9cd6a7,poked.show,available,34.2,34.2,medium,low,5,cloudflare,,,02/10/2026 03:52
228103e3-ba14-475f-83d1-2abd9ab09793,hopkins.show,available,18.99,44.49,high,low,7,namesilo,,,19/09/2026 13:42
76d5b205-4405-422e-a606-8c7f28fa83a5,independently.show,available,8.24,36.6,medium,low,13,dynadot,,,29/09/2026 14:31
3650404e-4cf5-4b1c-a240-0a18c3a3cd34,sunroof.show,available,18.99,44.49,high,low,7,namesilo,,,30/09/2026 12:27
d7d8e082-2005-4c54-8530-c0da228c3809,dukes.show,available,18.99,44.49,high,low,5,namesilo,,,29/09/2026 15:43
cd00d96f-7ab6-4ae4-b438-1598c4b2bc92,denude.show,available,14.99,56.99,medium,low,6,name.com,,,14/08/2026 02:02
339e34a8-fd2a-4dfa-b8a6-d8b252d4c276,joplin.show,available,14.17,35.39,medium,low,6,spaceship,,,28/09/2026 19:32
d86decc9-583c-492b-bb0b-070634496195,coverage.show,available,8.24,36.6,high,low,8,dynadot,,,29/09/2026 11:52
79f36e28-1d4e-4434-b0fc-6568b34c0fc3,permission.show,available,18.99,44.49,high,low,10,namesilo,,,25/09/2026 09:53
8d481829-c85c-4f86-95d7-e2042f390feb,taxpaying.show,available,15.98,47.98,medium,low,9,namecheap,,,11/09/2026 09:32
8dc60cad-244f-405b-9136-abe98c9be432,otago.show,available,18.99,44.49,high,low,5,namesilo,,,29/09/2026 22:17
75f0b69c-e48a-4439-8381-5b183d3b2d5c,blessings.show,available,14.17,35.39,medium,low,9,spaceship,,,28/09/2026 17:50
ebd807f5-6557-4983-9765-08782a891e99,waited.show,available,18.99,44.49,medium,low,6,namesilo,,,18/09/2026 01:45
f95a840e-6e28-44d4-afbc-759146ba14a9,tens.show,available,14.17,35.39,high,low,4,spaceship,,,29/09/2026 03:02
ba7d6725-58db-40d1-9708-b1a22a8b82a2,aquanaut.show,available,18.99,44.49,medium,low,8,namesilo,,,19/09/2026 22:57
4ad004bf-fcc7-43a9-badb-687e428b5344,griffith.show,available,18.99,44.49,medium,low,8,namesilo,,,25/09/2026 04:33
09cd7e7c-4e8e-4bc9-aeb1-6350f8fc9db3,ophthalmic.show,available,14.99,56.99,medium,low,10,name.com,,,04/09/2026 16:33
70e01da8-e985-4239-832e-be9a37c3e7e7,inquiry.show,available,34.2,34.2,high,low,7,cloudflare,,,29/09/2026 00:48
1b72f8bd-37a4-420e-b5ed-755cfbf1003c,romanians.show,available,18,,medium,low,9,unstoppable,,,30/09/2026 00:08
be9c3225-3ec9-47b5-ab70-0a67f2786fe2,satan.show,available,8.24,36.6,high,low,5,dynadot,,,29/09/2026 01:53
01378202-51a4-4dd3-b554-5c88bc36c460,dickensian.show,available,14.99,56.99,medium,low,10,name.com,,,14/08/2026 06:25
a0e08da5-d149-44a3-b76c-f2130863df82,cosy.show,available,14.99,56.99,high,low,4,name.com,,,13/08/2026 03:20
3e40a83b-b1ba-4f60-86d8-16bdc2e645f0,unfamiliar.show,available,15.98,47.98,high,low,10,namecheap,,,12/09/2026 09:55
78437896-0f02-48cb-98e4-29e11f193628,wants.show,available,15.98,47.98,medium,low,5,namecheap,,,25/09/2026 17:58
75c7fb41-8a9a-44d4-8507-813cd8fb68e0,joining.show,available,18.99,44.49,high,low,7,namesilo,,,25/09/2026 23:20
83770c7d-1ab5-4ba0-9e8b-fb21e8d234ee,coleridge.show,available,34.2,34.2,medium,low,9,cloudflare,,,28/09/2026 09:24
01eae82d-c6aa-47d6-b18b-d5c2b852ec3c,struggle.show,available,14.17,35.39,high,low,8,spaceship,,,29/09/2026 09:49
34b4f9bc-3eb5-403d-83d4-0302fcaeb23e,galois.show,available,18.99,44.49,medium,low,6,namesilo,,,02/10/2026 04:45
f972676a-15f9-43d9-8c4c-88585e801658,tanya.show,available,18.99,44.49,high,low,5,namesilo,,,28/09/2026 16:17
cddb2c22-025e-42d9-8b71-d305abbb9699,washed.show,available,15.98,47.98,high,low,6,namecheap,,,13/09/2026 08:31
65c71358-2582-41c2-a3a1-20e2644ddc95,unrecorded.show,available,14.99,56.99,medium,low,10,name.com,,,24/08/2026 07:46
9210b333-c36d-4570-a5e6-e0723647e668,stairway.show,available,18.99,44.49,high,low,8,namesilo,,,29/09/2026 08:07
19c9d0a9-caae-4e7d-bbd5-9fb0743a2461,vacuum.show,available,34.2,34.2,high,low,6,cloudflare,,,29/09/2026 23:00
bfb31b73-62cf-4098-b4f7-e89fba72537a,serrated.show,available,15.98,47.98,medium,low,8,namecheap,,,03/09/2026 22:08
fad6d41d-971a-4382-a8aa-f3394977f9c3,swingy.show,available,14.99,56.99,medium,low,6,name.com,,,23/08/2026 09:29
cf0e3c37-0b74-420c-a7af-6fb57601cbdd,paula.show,available,18.99,44.49,high,low,5,namesilo,,,25/09/2026 14:33
a3fbd82c-f0f2-420c-a5c3-6cbae97b7772,employable.show,available,14.99,56.99,high,low,10,name.com,,,16/08/2026 18:22
e1a44abf-111e-4425-9a8b-6ffd5fb22769,mislaid.show,available,14.99,56.99,medium,low,7,name.com,,,25/08/2026 01:30
836c6896-e835-4488-b6db-52c864e39a95,province.show,available,18,,high,low,8,unstoppable,,,30/09/2026 08:47
e09dcee9-2d09-4d52-86a2-458eba0ae25e,microbic.show,available,14.99,56.99,medium,low,8,name.com,,,24/08/2026 22:21
292dab21-992e-4c33-ab2e-64d94fc49da0,unlovable.show,available,15.98,47.98,medium,low,9,namecheap,,,12/09/2026 15:08
62ed361e-b265-4812-a813-45c350e8ac96,bighearted.show,available,14.99,56.99,high,low,10,name.com,,,09/08/2026 20:48
6ca40539-d4c5-4af5-bd0c-ffb9029eafb8,sobeit.show,available,18.99,44.49,low,low,8,namesilo,,,16/09/2026 13:51
781c4cd8-d663-4457-bbdd-3d4437d2a88d,undivided.show,available,15.98,47.98,high,low,9,namecheap,,,12/09/2026 08:11
f346bd67-2e30-465b-9bce-fc45177a4ee9,wonky.show,available,14.99,56.99,medium,low,5,name.com,,,07/08/2026 03:46
9f0bd98b-1f7b-414e-9923-f2b6d29b4a11,alkalizer.show,available,14.99,56.99,medium,low,9,name.com,,,
0b8c9294-e083-4b7b-9601-fc4811d9fd64,ataraxia.show,available,15.98,47.98,high,low,8,namecheap,,,20/09/2026 19:35
dca5e7c3-f544-4bf3-9932-72a598c96b4c,illustrated.show,available,18,,high,low,11,unstoppable,,,01/10/2026 10:17
dbd5010f-f6ee-4c15-8701-629869adcbb0,stroll.show,available,18.99,44.49,high,low,6,namesilo,,,18/09/2026 16:59
82723e7c-bc78-46b2-9f0d-04f386ad63fd,stoneless.show,available,15.98,47.98,low,low,9,namecheap,,,10/09/2026 21:12
1136bbf1-4884-4d6a-ad06-3600b5bd6020,claims.show,available,14.99,56.99,high,low,6,name.com,,,25/09/2026 20:29
e29f397a-9997-4bf4-b3d7-e1bf8ab53604,shower.show,resell,,,high,low,6,"GoDaddy.com, LLC",23/02/2025 19:51,23/02/2027 19:51,01/10/2026 15:57
71fac204-53de-4c4b-9d9f-0663307cd045,confederation.show,available,18.99,44.49,medium,low,13,namesilo,,,01/10/2026 22:47
43ed2e37-8a92-4e8b-9ea6-b412f41d7479,snack.show,resell,,,high,low,5,"DNSPod, Inc.",29/04/2024 15:15,29/04/2027 15:15,01/10/2026 16:27
bb1d577d-375c-4a0e-87cb-8b638271a2b1,singaporean.show,available,8.24,35.53,high,low,11,porkbun,,,30/09/2026 11:33
d0377088-2d02-4f8e-9516-d1a26ae0e9c2,ocs.show,available,18.99,44.49,high,low,3,namesilo,,,30/09/2026 13:05
34c04a85-fb8d-475e-8545-ae15a6d1e70b,accolade.show,available,18.99,44.49,high,low,8,namesilo,,,16/09/2026 22:45
6bd8b83f-2e7e-4c0c-9121-33783837576a,ambit.show,available,18.99,44.49,high,low,5,namesilo,,,18/09/2026 16:51
856bc14f-9b7e-48d6-bf22-90662efb0977,alignment.show,available,15.98,47.98,high,low,9,namecheap,,,18/09/2026 07:47
edd9b4a0-adaf-4750-bca6-3fcbaacdf2c8,biennial.show,available,14.99,56.99,high,low,8,name.com,,,09/08/2026 19:52
4764bfdf-ccf6-40e5-922d-42d92fa8eb1f,mourn.show,available,14.17,35.39,high,low,5,spaceship,,,30/09/2026 11:23
f066c665-0cd8-42c8-89ce-41eeb5afd005,unexplored.show,available,15.98,47.98,medium,low,10,namecheap,,,12/09/2026 09:42
daf2812e-9aad-4619-a5aa-377dc3978ca5,engineers.show,available,8.24,36.6,high,low,9,dynadot,,,30/09/2026 21:06
6557c72a-ec7b-484e-9d47-1253f8fa0365,buckingham.show,available,18.99,44.49,high,low,10,namesilo,,,25/09/2026 12:25
020e4b3e-bba9-46aa-993c-ddb723051647,bandwagon.show,available,18.99,44.49,high,low,9,namesilo,,,22/09/2026 01:35
538c54a9-e54f-4d04-afc1-557ff49b67e5,cozy.show,available,18.99,44.49,high,low,4,namesilo,,,24/09/2026 00:21
e6aacccb-dd13-4502-a89a-089077dfa2ec,economies.show,available,14.17,35.39,medium,low,9,spaceship,,,02/10/2026 03:52
c3ca0714-df48-4151-8f69-2d1cd14c0d5f,grenadian.show,available,14.99,56.99,high,low,9,name.com,,,20/08/2026 20:00
de317fe0-7d6c-4640-8b8d-66e9a9881ede,billyo.show,available,18.99,44.49,medium,low,6,namesilo,,,18/09/2026 09:10
e964c2d1-124b-4b00-8912-5e9e8188b903,impromptu.show,available,14.99,56.99,high,low,9,name.com,,,
2a778bfa-c7ea-46a2-8cd7-62feea183c0c,loftily.show,available,15.98,47.98,medium,low,7,namecheap,,,15/09/2026 12:38
199ecd45-8635-4790-b154-f7a4c9934b95,pens.show,available,15.98,47.98,medium,low,4,namecheap,,,20/09/2026 04:15
8af8cacd-882e-4b96-942b-49247ca4a0fa,chechnya.show,available,34.2,34.2,medium,low,8,cloudflare,,,29/09/2026 18:18
a3c5f8bb-f588-410d-825a-eca86d002abb,flair.show,available,14.17,35.39,high,low,5,spaceship,,,30/09/2026 01:15
34281f7d-4c21-4058-8619-c00300f22575,nonesuch.show,available,15.98,47.98,medium,low,8,namecheap,,,03/09/2026 20:13
410c2c1d-27a9-425c-b8d8-89f75b4f7052,aftermath.show,available,15.98,47.98,high,low,9,namecheap,,,17/09/2026 15:43
cd0b7808-27fb-4c30-a42b-f8359fd7df50,amperage.show,available,18.99,44.49,medium,low,8,namesilo,,,18/09/2026 23:07
218e1d51-5a9f-4825-894b-12d34b5ed5e1,hoped.show,available,18.99,44.49,medium,low,5,namesilo,,,27/09/2026 02:59
80d6fdab-4fd2-4a3d-8928-76320c55bed1,thom.show,available,8.24,36.6,medium,low,4,dynadot,,,28/09/2026 04:11
be73f643-16b2-4645-8d0a-ad396cb3bac8,deceitful.show,available,14.99,56.99,medium,low,9,name.com,,,13/08/2026 21:06
2abffa95-f2ec-42ab-bca2-aecc9fe4b992,fisheye.show,available,14.99,56.99,high,low,7,name.com,,,18/08/2026 05:28
22788a42-3f9e-4591-a394-0c399bf8ca27,applies.show,available,18.99,44.49,medium,low,7,namesilo,,,29/09/2026 05:00
b57209c8-b2ca-40fc-82f8-4107d7c178c4,hysterical.show,available,14.99,56.99,high,low,10,name.com,,,21/08/2026 17:22
a5c73ae1-0f7a-42fc-ae6e-68f36f427359,shrub.show,available,18.99,44.49,medium,low,5,namesilo,,,23/09/2026 11:56
c1209b7f-86e2-4511-92b0-e03c1af8afd3,slightly.show,available,15.98,47.98,medium,low,8,namecheap,,,16/09/2026 02:36
6b36e691-672b-4042-8f79-0140e54deac9,muffle.show,available,14.99,56.99,medium,low,6,name.com,,,13/08/2026 16:49
0caa5d0b-7106-4cf2-8e4d-d5ab6ba64f91,disorders.show,available,18.99,44.49,medium,low,9,namesilo,,,20/09/2026 00:40
32d101d6-9b00-4775-bc37-bcd599c1bb48,exchange.show,resell,,,high,low,8,"Chengdu West Dimension Digital Technology Co., Ltd.",13/03/2018 13:44,13/03/2027 13:44,30/09/2026 13:42
b6db6dc6-817a-427f-94ad-dfb084f1fc69,possibly.show,available,15.98,47.98,medium,low,8,namecheap,,,28/09/2026 16:14
bc4370ad-49ff-43b4-82ed-08b4ed4a1db1,throw.show,available,14.17,35.39,high,low,5,spaceship,,,27/09/2026 20:41
7035b561-27cf-4aef-ac70-58fbb26d9478,feminist.show,available,14.99,56.99,high,low,8,name.com,,,18/08/2026 01:02
d745fd27-29f6-434f-8061-440eb574247d,crosspatch.show,available,14.99,56.99,medium,low,10,name.com,,,13/08/2026 05:02
5df7c1e4-2412-41f6-a24e-04375037c1d3,terminate.show,available,14.17,35.39,medium,low,9,spaceship,,,28/09/2026 14:01
4db9f58e-fac4-4a26-94b2-3a44546b7f9f,dvds.show,available,14.17,35.39,medium,low,4,spaceship,,,29/09/2026 00:04
fc3f791f-5986-46cc-9656-086c193ebd4f,broadloom.show,available,14.99,56.99,medium,low,9,name.com,,,11/08/2026 04:59
82b005fc-7ef7-44a8-8d7d-6a89b85c7814,nonexempt.show,available,15.98,47.98,medium,low,9,namecheap,,,03/09/2026 19:09
ef1bc50c-dbed-428a-bcb2-454c46e0c55e,blyth.show,available,14.17,35.39,medium,low,5,spaceship,,,29/09/2026 22:39
a52bd1ba-27a5-4933-9a6a-7d0881dec35c,terminated.show,available,18.99,44.49,high,low,10,namesilo,,,19/09/2026 16:25
609e375c-3efc-4f61-aa5c-0702da9b2257,aerialist.show,available,18.99,44.49,high,low,9,namesilo,,,17/09/2026 12:50
480daf66-10cf-486d-aa58-9c5ca1083df4,shaky.show,available,34.2,34.2,medium,low,5,cloudflare,,,27/09/2026 14:56
20fcb701-83fe-4b5f-a8c9-59edb7ae7b99,carangid.show,available,14.99,56.99,medium,low,8,name.com,,,11/08/2026 18:31
3dfb90a6-a3e5-4b44-a896-eab298ddd651,demoralize.show,available,14.99,56.99,medium,low,10,name.com,,,13/08/2026 02:16
565b6241-ae9b-4ee2-980d-28024f85604f,smelly.show,available,14.99,56.99,medium,low,6,name.com,,,18/08/2026 02:31
9cffcb7e-bcea-461e-bb19-abac2a42fc76,profiling.show,available,18,,high,low,9,unstoppable,,,01/10/2026 21:21
a12cd0cf-67c6-483b-866d-8e628c5be0ff,banter.show,available,14.17,35.39,high,low,6,spaceship,,,28/09/2026 07:57
63e22181-4c95-433c-a02e-7d88883142be,leesburg.show,available,34.2,34.2,medium,low,8,cloudflare,,,02/10/2026 00:14
b1bb660d-e2ec-4e61-946f-516deb062ea5,bronzy.show,available,14.99,56.99,medium,low,6,name.com,,,11/08/2026 05:39
7b89e7ca-548a-4f04-8b0f-9ae6707dfa69,zia.show,available,14.17,35.39,high,low,3,spaceship,,,30/09/2026 04:40
1111aaa9-39d5-4bbc-96d8-914199f07920,kamehameha.show,available,18.99,44.49,medium,low,10,namesilo,,,30/09/2026 12:36
19b3c6eb-759c-4add-a0fe-9d4c591dda4d,clientele.show,available,18.99,44.49,high,low,9,namesilo,,,24/09/2026 15:37
f8942a8d-8476-4de2-8ac1-99d9051faa76,vantage.show,available,18.99,44.49,high,medium,7,namesilo,,,17/09/2026 10:29
bc59d822-845a-42ae-aaed-388639c1c760,bioassay.show,available,18.99,44.49,medium,low,8,namesilo,,,23/09/2026 17:38
9bab6985-08f7-4eaf-ba31-b0c61cd1bd1a,flatly.show,available,14.99,56.99,medium,low,6,name.com,,,14/09/2026 05:29
99dc1f81-92f4-4763-96f7-6f91897455c0,dormitory.show,available,18,,high,low,9,unstoppable,,,29/09/2026 12:05
5a28042e-6d06-4255-9c40-d04f5a099cef,pee.show,available,14.99,56.99,medium,low,3,name.com,,,13/09/2026 09:51
c2a206a8-b70e-4135-8b81-9e086dc86ed8,allegretto.show,available,14.99,56.99,high,low,10,name.com,,,
797bd755-b230-4704-84fb-ebd9e3a88c28,manny.show,available,18,,high,low,5,unstoppable,,,28/09/2026 07:22
e281606d-732f-4ba5-aac0-46ca653a9dfe,telephonic.show,available,15.98,47.98,medium,low,10,namecheap,,,11/09/2026 10:20
95a8ff41-d5dc-45de-a8b7-9232c19ba4d6,tuck.show,available,14.17,35.39,medium,low,4,spaceship,,,28/09/2026 15:12
a46c9302-dfcb-44f1-ac19-ef8abb4af4b4,rayleigh.show,available,18.99,44.49,medium,low,8,namesilo,,,29/09/2026 13:13
12cb0d9e-1e9a-4f48-aa28-fca6e62d12c1,hostelry.show,available,18.99,44.49,medium,low,8,namesilo,,,21/09/2026 02:26
c3d25283-dbf9-40f6-8a0d-7e4c41ca2828,circular.show,available,18.99,44.49,high,low,8,namesilo,,,23/09/2026 09:44
d132a429-516a-444d-9048-ac72c5ca446a,rotund.show,available,14.99,56.99,medium,low,6,name.com,,,13/08/2026 01:59
4109a06d-0894-45d7-92c5-80ecc8f5fe4e,clinch.show,available,14.17,35.39,high,low,6,spaceship,,,02/10/2026 04:22
3ecf2f26-f097-436a-91cb-9bd4135f2fba,twinkly.show,available,14.99,56.99,medium,low,7,name.com,,,09/08/2026 04:13
dd8ff840-53c6-4472-a7e2-129f3522cd41,obliquity.show,available,15.98,47.98,medium,low,9,namecheap,,,20/09/2026 18:47
4c296e15-0aad-400b-80db-dfa915bd9c24,insensible.show,available,14.99,56.99,medium,low,10,name.com,,,22/08/2026 06:47
d41dc9b5-b0d9-4f7c-b154-a7703abab3fd,nationally.show,available,15.98,47.98,medium,low,10,namecheap,,,03/09/2026 13:44
ec51ec0e-1e77-40e9-9616-6b5fb547b3e7,disarmer.show,available,15.98,47.98,medium,low,8,namecheap,,,04/09/2026 22:39
92b3a179-879e-43e5-aeaf-025f45e4cd45,nepa.show,available,18,,medium,low,4,unstoppable,,,01/10/2026 19:45
9a6e455a-c623-4088-ae19-b3436f81c008,herald.show,available,15.98,47.98,high,low,6,namecheap,,,16/09/2026 22:39
fbfd9829-4ec9-4848-bfd1-e337abc236bd,detection.show,available,8.24,36.6,high,low,9,dynadot,,,29/09/2026 14:13
2b60cf33-ec72-4132-a264-549aaf37376d,appear.show,available,14.17,35.39,high,low,6,spaceship,,,30/09/2026 15:08
c676f24e-c1a9-4e9a-864e-ca844f445738,economic.show,available,18.99,44.49,high,low,8,namesilo,,,24/09/2026 13:22
3e0fbff7-86bd-421f-b9d8-04c4a4e79663,itchy.show,available,14.99,56.99,medium,low,5,name.com,,,05/08/2026 20:43
244550a6-9b16-4ba6-bf97-47301537b0fa,openings.show,available,15.98,47.98,medium,low,8,namecheap,,,20/09/2026 17:50
92044bfd-be33-43be-9ef6-530c79104e40,exposed.show,available,14.99,56.99,high,low,7,name.com,,,17/08/2026 18:37
75112235-6c13-4c4a-bba3-5134937affbf,architecture.show,resell,,,high,low,12,,,,28/09/2026 17:04
7c5bfde9-c76d-4fbe-89ff-4c6694847cd4,brockton.show,available,14.17,35.39,medium,low,8,spaceship,,,30/09/2026 14:00
8a6530aa-c4dd-4c81-a77d-f5bb1a155a5a,scurrilous.show,available,14.99,56.99,medium,low,10,name.com,,,
3415ed0b-22d6-4dd3-9556-3c426342e236,yell.show,available,14.17,35.39,medium,low,4,spaceship,,,29/09/2026 12:21
29c5cfda-8766-445f-8d64-e0b031a94e8c,nutlike.show,available,15.98,47.98,medium,low,7,namecheap,,,03/09/2026 23:16
178672ff-5c0d-4356-a4d9-d12d30295316,exilic.show,available,14.99,56.99,medium,low,6,name.com,,,17/08/2026 17:19
5b3d8da8-5900-46e4-b333-c6dcd335b0c0,standing.show,available,34.2,34.2,high,low,8,cloudflare,,,28/09/2026 00:41
f51a7e6b-693f-4a69-b8d1-2c1e368e4f71,prostatic.show,available,15.98,47.98,medium,low,9,namecheap,,,09/09/2026 03:53
202841b4-d45b-4aef-9ce7-ccbf9d05c5d0,uncritical.show,available,15.98,47.98,medium,low,10,namecheap,,,12/09/2026 06:26
dabb083c-4b9f-4083-9742-12b26b3aab09,escort.show,available,18.99,44.49,high,low,6,namesilo,,,24/09/2026 06:34
fb8ef147-8876-4c55-8339-71b260a05ffd,smuggling.show,available,18.99,44.49,medium,low,9,namesilo,,,28/09/2026 15:22
8221bdec-8f2f-400d-aa0d-4beadab28573,organized.show,available,18.99,44.49,high,low,9,namesilo,,,26/09/2026 00:25
be7c54e3-d240-4930-a8a1-1cf7fb04fcc3,streetwise.show,available,15.98,47.98,high,low,10,namecheap,,,10/09/2026 22:26
8cf897f1-3f70-444c-849e-487eb4771e3e,thereabout.show,available,18.99,44.49,medium,low,10,namesilo,,,16/09/2026 08:39
dbd61439-0176-4535-a494-9b945cc9d8ea,redress.show,available,15.98,47.98,high,low,7,namecheap,,,09/09/2026 17:27
55039da2-c256-4126-b295-9c95e9ab90b0,macgregor.show,available,14.17,35.39,medium,low,9,spaceship,,,28/09/2026 19:47
068c3220-ede8-4173-b1aa-234b19a2a1ac,mak.show,available,18.99,44.49,high,low,3,namesilo,,,29/09/2026 13:22
4477b063-4872-40ea-9ddb-267d3a5ed117,ascendent.show,available,14.99,56.99,medium,low,9,name.com,,,
4f8a2a25-e75f-43e5-ba8a-ba307d8af422,citywide.show,available,14.99,56.99,high,low,8,name.com,,,12/08/2026 09:00
f8c938f3-5051-42b7-b927-4d41757df746,birdcage.show,available,15.98,47.98,high,low,8,namecheap,,,23/09/2026 20:32
53d86aa1-fb49-4e7f-8118-700d98e26050,scaley.show,available,15.98,47.98,medium,low,6,namecheap,,,09/09/2026 22:18
d52311e9-16cc-4cb0-a18b-4790abe2b563,turnabout.show,available,17.99,,medium,low,10,name.com,,,
73fc3140-7cdd-41fe-967b-4c88784d9b87,handwriting.show,available,18.99,44.49,medium,low,11,namesilo,,,28/09/2026 12:30
00c2d065-2d05-4eb4-aa3c-c51db749893e,algolagnia.show,available,15.98,47.98,medium,low,10,namecheap,,,18/09/2026 07:07
bd302679-2c75-4e5c-b97d-a84e2b1bd3d8,labelled.show,available,14.99,56.99,medium,low,8,name.com,,,22/08/2026 17:15
86403bf3-0476-4f49-b586-24b396103ca6,assort.show,available,15.98,47.98,medium,low,6,namecheap,,,17/09/2026 14:23
f6f352ff-10f1-4a33-bb6b-243aa001abda,heatless.show,available,14.99,56.99,medium,low,8,name.com,,,21/08/2026 02:27
9793b7ec-f3d2-4bad-96eb-8454cec7b734,grips.show,available,8.24,36.6,medium,low,5,dynadot,,,02/10/2026 01:51
eb13215f-a47a-42e6-87a0-54f6e67ca254,blenheim.show,available,18.99,44.49,medium,low,8,namesilo,,,24/09/2026 05:52
1e38ff49-9fba-4b25-9cd6-be3632eb6fb2,wolverhampton.show,available,18,,medium,low,13,unstoppable,,,29/09/2026 21:58
674c7a8e-9332-4106-9813-77a0a56c22dd,revolutions.show,available,18.99,44.49,medium,low,11,namesilo,,,20/09/2026 15:34
1d8a1569-91f8-41f1-a97b-6d623078585f,commandant.show,available,18.99,44.49,high,low,10,namesilo,,,01/10/2026 01:32
30a49387-8325-4aa0-8cda-46c9542f6a64,slaughter.show,available,15.98,47.98,medium,low,9,namecheap,,,13/09/2026 08:00
d586ec49-b564-4b17-b83d-ec36f128f441,patriotic.show,available,18.99,44.49,high,low,9,namesilo,,,27/09/2026 03:06
125c33ff-15d4-456c-8c9e-3b8d7059e3b5,stoker.show,available,18.99,44.49,medium,low,6,namesilo,,,16/09/2026 16:53
3eca214c-d106-439a-82af-8979a540a483,bipedal.show,available,14.99,56.99,high,low,7,name.com,,,10/08/2026 05:09
b0ff17f8-e38a-4090-830b-a5750948beac,gobs.show,available,15.98,47.98,high,low,4,namecheap,,,14/09/2026 23:34
99646f83-f89a-499f-8383-ae2576d91268,agrestic.show,available,14.99,56.99,medium,low,8,name.com,,,
0c852b33-73f9-40a3-9882-db01d6182d9f,babu.show,available,18.99,44.49,medium,low,4,namesilo,,,21/09/2026 12:51
666d4b5d-5478-47a4-9781-47d254a72bb6,completing.show,available,18.99,44.49,high,low,10,namesilo,,,23/09/2026 17:20
e2c80a75-2029-413f-8fb7-3c0e446dc508,scabby.show,available,15.98,47.98,medium,low,6,namecheap,,,09/09/2026 22:13
864cf208-128f-4665-b287-84e502fcdf39,parrish.show,available,34.2,34.2,medium,low,7,cloudflare,,,28/09/2026 14:51
9d0e148a-bf0e-47a4-9479-b6e8fd296911,includes.show,available,18.99,44.49,medium,low,8,namesilo,,,28/09/2026 08:22
f3108193-f71e-4c0b-973b-62aae729f5ce,nonviable.show,available,15.98,47.98,medium,low,9,namecheap,,,03/09/2026 21:02
142e17da-d0ef-43db-9c91-1e97b526ab78,diminished.show,available,14.99,56.99,medium,low,10,name.com,,,07/08/2026 15:00
db776e3f-513e-40eb-992f-fafc14eefe4c,estes.show,available,34.2,34.2,medium,low,5,cloudflare,,,28/09/2026 22:16
5b394ea4-170a-40be-a00d-bce68bbea5c0,conjoint.show,available,14.99,56.99,medium,low,8,name.com,,,12/08/2026 22:05
6c87bd20-63f9-4ca7-8e5e-e08bb1774c3e,benzoin.show,available,18.99,44.49,medium,low,7,namesilo,,,20/09/2026 12:33
92855241-3ca3-4663-8c9b-9ecf0f3abb37,seemingly.show,available,15.98,47.98,medium,low,9,namecheap,,,13/09/2026 20:24
fea1b445-5e38-41ab-91d9-26ffcfe07178,auteur.show,available,18.99,44.49,high,low,6,namesilo,,,21/09/2026 05:06
caebb208-1558-4d7e-b7a2-3927af10cf0c,absorbing.show,available,18.99,44.49,high,low,9,namesilo,,,21/09/2026 15:02
6e5ff340-290e-40e4-be08-69e4a12ed13b,enteric.show,available,14.99,56.99,medium,low,7,name.com,,,17/08/2026 09:53
b443aca1-517f-4f1a-bf21-88b3f88577c7,frisian.show,available,14.99,56.99,medium,low,7,name.com,,,18/08/2026 15:59
b0f14c3a-19ab-4217-b397-efff6977442b,marred.show,available,14.99,56.99,medium,low,6,name.com,,,24/08/2026 16:28
eec9f831-8e87-4040-99a3-447ccfc51c26,anglomania.show,available,18.99,44.49,medium,low,10,namesilo,,,19/09/2026 06:51
a79bc395-6e14-4dc5-9d95-c03c1b67e458,choreographer.show,available,14.17,35.39,high,low,13,spaceship,,,30/09/2026 20:06
85c16612-9f74-45c2-909d-5b7a383215e2,regard.show,available,15.98,47.98,high,low,6,namecheap,,,08/09/2026 11:00
fc85005d-7664-4fb1-9d95-2c64bebbff33,commodity.show,available,34.2,34.2,high,low,9,cloudflare,,,29/09/2026 10:26
d7897362-ede2-47b8-807d-b3ba8607c54a,springbuck.show,available,15.98,47.98,medium,low,10,namecheap,,,19/09/2026 14:19
472c7cf5-d18f-40fd-9720-270bb7d2a522,susannah.show,available,34.2,34.2,medium,low,8,cloudflare,,,29/09/2026 04:06
e484ca59-5eac-4053-b593-b614f0fde12d,visioned.show,available,18.99,44.49,high,low,8,namesilo,,,20/09/2026 16:28
d195fc79-5aff-4435-a767-7dca61ee2a30,peoples.show,available,18.99,44.49,medium,low,7,namesilo,,,29/09/2026 01:49
9a232d5d-227a-4240-99f6-2dded75d8ea4,megascopic.show,available,14.99,56.99,medium,low,10,name.com,,,24/08/2026 19:26
ae6afa03-d22b-4a9c-a700-e2d7c159b888,seawater.show,available,18,,high,low,8,unstoppable,,,02/10/2026 04:10
25308dc3-af40-4f16-8cec-5219380320d1,rashes.show,available,18.99,44.49,low,low,6,namesilo,,,19/09/2026 21:50
8e9023e0-c55e-4631-a803-38833788d7b5,winsomely.show,available,15.98,47.98,medium,low,9,namecheap,,,14/09/2026 15:43
c21750a0-da66-402b-8d05-350f81e944de,serene.show,available,14.99,56.99,high,low,6,name.com,,,11/08/2026 14:51
c4eeb8c8-0a81-4e8d-8e9e-71487e3024af,prompting.show,available,15.98,47.98,high,low,9,namecheap,,,27/09/2026 07:31
0da9c1c0-4844-41d0-ac16-30a62c0e6104,lacerate.show,available,14.99,56.99,medium,low,8,name.com,,,22/08/2026 17:51
1e671b13-5390-4489-82cb-f0f781cc489e,hapless.show,available,14.99,56.99,medium,low,7,name.com,,,20/08/2026 23:48
6e984d76-ab23-4a44-806f-ae5f26dbd8f7,anymore.show,available,15.98,47.98,medium,low,7,namecheap,,,28/09/2026 12:15
b8160b97-7771-4a2a-83a4-687182472620,horsehead.show,available,18.99,44.49,medium,low,9,namesilo,,,20/09/2026 21:40
deac8057-3ff1-4ae2-8d05-f71a5cd22f5e,elmhurst.show,available,18,,medium,low,8,unstoppable,,,02/10/2026 01:13
042f66cf-f7bc-4abf-89f7-5655aa1fde38,extends.show,available,18.99,44.49,medium,low,7,namesilo,,,18/09/2026 17:32
3904773d-60a6-493d-a2d9-847357291571,immunology.show,available,18,,high,low,10,unstoppable,,,30/09/2026 01:58
c0edd72e-3783-4bd1-9d26-c7d99e4982e7,acuate.show,available,14.99,56.99,medium,low,6,name.com,,,
9251f455-fa69-4fee-847e-96bb746205ec,academism.show,available,14.99,56.99,medium,low,9,name.com,,,16/09/2026 20:23
0c487ce7-76d0-4896-8788-38ab779924da,rein.show,available,14.17,35.39,high,low,4,spaceship,,,30/09/2026 09:27
b8edaa38-9638-476f-9d6b-ca37b8e41edc,successfully.show,available,18.99,44.49,high,low,12,namesilo,,,01/10/2026 05:17
7704a4e7-1c59-4c6a-8808-251d5845995d,cares.show,available,18.99,44.49,medium,low,5,namesilo,,,27/09/2026 02:10
9202ea84-c855-40df-9ed0-fb2541eeeb8a,aerator.show,available,18.99,44.49,medium,low,7,namesilo,,,17/09/2026 12:47
3a22566b-5496-4cd8-8719-afb25d90fe32,objectives.show,available,18.99,44.49,medium,low,10,namesilo,,,17/09/2026 15:43
a2889c03-e51f-456b-82fb-6f2cdc9c46da,lucius.show,available,18.99,44.49,high,low,6,namesilo,,,25/09/2026 15:11
371ef211-4f50-4e56-be80-7b6dd3891d3a,boldface.show,available,14.99,56.99,high,low,8,name.com,,,10/08/2026 17:43
2e8e2859-10f9-45ed-9aff-2afa6c516977,mushroom.show,available,34.2,34.2,high,low,8,cloudflare,,,28/09/2026 14:57
2539d7d8-7e3c-46f3-be2e-f8a693df927a,ingredients.show,available,17.99,,medium,low,11,name.com,,,
f154e786-4651-4572-9695-bed162c72946,strung.show,available,15.98,47.98,medium,low,6,namecheap,,,10/09/2026 22:54
63678877-0798-493c-a943-7a3f63109faa,ima.show,available,14.17,35.39,high,low,3,spaceship,,,30/09/2026 19:42
5b31811d-97a2-41e1-a1cf-b3048f104d5e,reserve.show,available,14.99,56.99,high,low,7,name.com,,,06/08/2026 09:16
d8fc8cc5-c847-460b-bcf3-fce619aade96,ferrous.show,available,14.99,56.99,medium,low,7,name.com,,,18/08/2026 02:09
ce8ae1a7-e330-4d4f-97c5-0d2ac7181728,hundreds.show,available,15.98,47.98,medium,low,8,namecheap,,,25/09/2026 20:33
c348eaf7-9767-400f-9bd6-14bdefc42828,omit.show,available,18.99,44.49,high,low,4,namesilo,,,30/09/2026 05:29
e8f8a56b-8177-4e41-ae3d-b4daf43b506a,proximo.show,available,15.98,47.98,medium,low,7,namecheap,,,09/09/2026 04:40
22a5d666-fb74-4999-91ee-b7f7f75fe609,pnp.show,available,18,,high,low,3,unstoppable,,,01/10/2026 10:30
3ef6cde6-6ef4-4001-9bec-82e7cba52bd6,claxon.show,available,18.99,44.49,medium,low,6,namesilo,,,23/09/2026 01:29
dd6a854a-6b46-434b-9349-de1edab48797,enforced.show,available,14.99,56.99,medium,low,8,name.com,,,17/08/2026 07:32
54097beb-6500-47fd-9975-d0d8ae55a9d1,arcanum.show,available,18.99,44.49,high,low,7,namesilo,,,20/09/2026 01:37
39bcab4e-fcc4-4909-9dc5-c52cc19ce1d5,bernadette.show,available,15.98,47.98,medium,low,10,namecheap,,,30/09/2026 05:01
9ca14ea8-2049-4c9d-b071-3e035234d324,instructors.show,available,8.24,35.53,medium,low,11,porkbun,,,01/10/2026 01:00
f0c9eeb7-0b63-4ce5-85b1-445abe23599d,dishonour.show,available,18.99,44.49,medium,low,9,namesilo,,,29/09/2026 15:45
51c51cbf-40b1-43dd-8fcb-cfaf8324d01f,lovable.show,available,14.99,56.99,high,low,7,name.com,,,24/08/2026 10:06
552fbc0e-5b05-4c50-952d-b5a66c11c6d5,sample.show,available,18.99,44.49,high,low,6,namesilo,,,25/09/2026 10:33
fe281abe-5059-46b3-8d9f-44b0d18f044a,unreported.show,available,15.98,47.98,medium,low,10,namecheap,,,12/09/2026 18:19
dd0467ac-ed4d-41a9-94c0-bdcd1ce0a8d7,iain.show,available,34.2,34.2,medium,low,4,cloudflare,,,29/09/2026 15:22
b9534e2c-9850-41b2-8f76-f08d7167266c,wolfgang.show,available,18.99,44.49,high,low,8,namesilo,,,25/09/2026 15:09
34558fc6-a565-436d-aa9d-12f9ffd3e0dd,churchill.show,available,18.99,44.49,medium,low,9,namesilo,,,28/09/2026 18:44
48860e62-06fa-489d-b9d1-68c4db7f51a3,freezer.show,available,18.99,44.49,high,low,7,namesilo,,,29/09/2026 07:08
0b8057fd-6a1e-4b5f-8f6d-ed0f1b234911,thuringia.show,available,34.2,34.2,medium,low,9,cloudflare,,,30/09/2026 03:01
3c32db3a-5edb-4fdb-b0c0-8419dcffd265,wrongdoing.show,available,15.98,47.98,medium,low,10,namecheap,,,17/09/2026 05:25
847971ea-7edd-409a-a3c6-71500bf4446e,guessed.show,available,14.17,35.39,low,low,7,spaceship,,,29/09/2026 11:03
946823c7-6f32-4b8c-889c-761628353da3,coyotes.show,available,18,,medium,low,7,unstoppable,,,30/09/2026 07:28
c39ecf2a-b2b3-4c23-b42c-9a5a244cf036,villa.show,available,18.99,44.49,medium,low,5,namesilo,,,29/09/2026 00:41
0fffe164-59ba-44fa-9c43-eec39dac2865,adient.show,available,14.99,56.99,medium,low,6,name.com,,,
5c278eeb-2d50-45e6-bfe8-1fd3190d08a2,yosef.show,available,34.2,34.2,medium,low,5,cloudflare,,,30/09/2026 22:02
9bfdcbee-b4d1-451a-9a31-e72487a6cc69,walls.show,available,15.98,47.98,high,low,5,namecheap,,,25/09/2026 16:16
d50968cc-bd28-49bc-ae39-57e724c2415f,erst.show,available,14.99,56.99,medium,low,4,name.com,,,17/08/2026 13:07
6db11419-2eee-41ed-9b29-28f0ebb8dc99,scandium.show,available,18.99,44.49,medium,low,8,namesilo,,,20/09/2026 22:34
108d29fd-9c8c-4535-8ca8-2051f5fd3d0a,sword.show,available,18.99,44.49,high,low,5,namesilo,,,25/09/2026 10:46
c5f41b78-57cc-45fb-b7f9-0b53a4a7fa93,araneae.show,available,18.99,44.49,medium,low,7,namesilo,,,20/09/2026 00:06
f6bcf9a1-4444-400c-9517-38af8b5ae589,contains.show,available,15.98,47.98,medium,low,8,namecheap,,,18/09/2026 15:08
7b437f4e-0be5-4cb1-954b-22dbedf7a9ab,abampere.show,available,18.99,44.49,medium,low,8,namesilo,,,16/09/2026 13:54
3baaa95d-31a2-4cd5-a3c8-ea0e7481ea62,destiny.show,available,18,,high,low,7,unstoppable,,,29/09/2026 09:18
cd1d96c7-37f4-4898-b699-d960b5bb7a34,submersed.show,available,15.98,47.98,medium,low,9,namecheap,,,10/09/2026 23:32
d3fe2577-87a1-4906-a7ab-9dcddcedc62b,bata.show,available,18.99,44.49,medium,low,4,namesilo,,,22/09/2026 13:09
8ab10168-8546-4918-a57a-0ff520962db9,dosed.show,available,14.99,56.99,medium,low,5,name.com,,,14/08/2026 16:24
7dd9e13b-2dea-4a26-9945-3b27044acbbe,tarzan.show,available,34.2,34.2,high,low,6,cloudflare,,,29/09/2026 02:18
d2416bed-0338-4ab1-872d-8c7b07d37879,maker.show,resell,,,high,medium,5,"DNSPod, Inc.",25/01/2025 15:15,25/01/2027 15:15,01/10/2026 23:55
99698474-798c-42f6-9cf9-5ad8e99ba1e7,cystic.show,available,14.99,56.99,medium,low,6,name.com,,,13/08/2026 14:36
b284066f-cbd3-4c76-975d-6e5ceda5cbd8,kolkata.show,available,9.99,75.99,medium,low,7,godaddy,,,01/10/2026 01:15
5116d808-40b8-475e-8ca8-7eab721e8f7c,brandeis.show,available,18.99,44.49,medium,low,8,namesilo,,,28/09/2026 08:12
2f1090da-0869-43e8-b1bd-d072094dcdee,copesetic.show,available,14.99,56.99,medium,low,9,name.com,,,13/08/2026 00:22
f7e277c7-2cd4-42a4-a21f-7b4127271bd1,provisional.show,available,18.99,44.49,high,low,11,namesilo,,,30/09/2026 19:46
668b9970-61a5-4013-b0f9-93eee7022ca7,bessarabia.show,available,18,,medium,low,10,unstoppable,,,30/09/2026 21:27
e93d5cbd-7b08-4710-bb82-073c2a6b688f,terbium.show,available,18.99,44.49,medium,low,7,namesilo,,,20/09/2026 23:28
de9a0ade-5a3d-4c37-bd9e-92c74f2ba613,colourful.show,available,14.99,56.99,high,low,9,name.com,,,12/08/2026 17:51
f1340133-46f8-4cf2-bf9f-b86e36ee9642,northward.show,available,15.98,47.98,high,low,9,namecheap,,,03/09/2026 21:27
e21d7f09-61b3-417e-9390-738d08b0cf24,valmy.show,available,18.99,44.49,medium,low,5,namesilo,,,22/09/2026 16:13
4b408f3f-b566-4726-9c1e-00111cc4236e,cumulate.show,available,14.99,56.99,high,low,8,name.com,,,12/08/2026 21:52
50042523-b885-4d32-8824-08666cced24a,xxviii.show,available,14.99,56.99,medium,low,6,name.com,,,
c7938c36-d642-4793-b2d7-1eb8f018bab5,statue.show,available,18.99,44.49,high,low,6,namesilo,,,26/09/2026 00:24
f7785715-c939-4559-a3ba-f52064faf6f3,expand.show,available,18.99,44.49,high,low,6,namesilo,,,24/09/2026 13:38
b3c7fab0-b837-448b-9b7e-6cf7c043afca,allsorts.show,available,18.99,44.49,low,low,9,namesilo,,,16/09/2026 05:53
e5d1708e-b5ec-484f-b46a-d1075fc69abe,notebooks.show,available,18.99,44.49,medium,low,9,namesilo,,,20/09/2026 11:51
afe80801-12c7-40e8-a612-559bdeb3bd7b,palpable.show,available,15.98,47.98,high,low,8,namecheap,,,05/09/2026 00:07
81f47896-b7a3-4616-8c97-775ad9898988,cytologic.show,available,14.99,56.99,medium,low,9,name.com,,,13/08/2026 14:39
b1af360f-c594-48e9-b8ad-51cf7ac9799e,siren.show,available,15.98,47.98,high,low,5,namecheap,,,29/09/2026 06:45
c17cd363-af3c-4896-965a-82d4aa6170d3,homotopy.show,available,34.2,34.2,medium,low,8,cloudflare,,,01/10/2026 01:08
27a5d58b-c321-4c48-9c5a-fdb8b664e9f1,scriabin.show,available,18.99,44.49,high,low,8,namesilo,,,18/09/2026 05:07
4b4a59b1-e05d-4a8a-916d-10f919082465,barnstable.show,available,34.2,34.2,medium,low,10,cloudflare,,,01/10/2026 11:53
7c8d34d5-c3a3-46d7-a3d1-4fc8ea35282e,defective.show,available,14.99,56.99,medium,low,9,name.com,,,13/08/2026 23:06
d49d2d30-5bd6-41c2-8560-288f838dfe35,williamson.show,available,18.99,44.49,high,low,10,namesilo,,,17/09/2026 14:22
fc4128fc-3fe3-4a83-b16a-644ee5556671,summerset.show,available,14.99,56.99,high,low,9,name.com,,,18/08/2026 08:29
e43751de-dbb4-4525-b5d4-03ae8a0e9e9e,adamson.show,available,14.17,35.39,medium,low,7,spaceship,,,28/09/2026 17:25
ad8b4c82-b078-4eeb-8984-4e6288bde08e,eolithic.show,available,14.99,56.99,medium,low,8,name.com,,,17/08/2026 10:10
d2d1211e-ee0a-4eb0-87c9-77a360dc0235,west.show,resell,,,high,low,4,"Chengdu West Dimension Digital Technology Co., Ltd.",20/08/2015 06:18,20/08/2027 06:18,28/09/2026 10:23
d4fcc5eb-317d-459d-8926-e2f85ae8c839,pla.show,available,14.17,35.39,high,low,3,spaceship,,,27/09/2026 18:08
f0cf2de5-f8f3-4081-ae2b-82005574a4f5,toothy.show,available,15.98,47.98,medium,low,6,namecheap,,,11/09/2026 17:20
684a6e0b-a1af-4c19-8a38-0e5ef3c87479,runyon.show,available,18.99,44.49,medium,low,6,namesilo,,,18/09/2026 06:27
03d51659-43dc-4c2d-89b5-17db0c682b42,space.show,resell,,,high,medium,5,"Chengdu West Dimension Digital Technology Co., Ltd.",30/07/2015 10:38,30/07/2027 10:38,01/10/2026 00:37
fa08645e-8986-4f56-a6f1-482d29deafb1,sedated.show,available,15.98,47.98,low,low,7,namecheap,,,16/09/2026 18:04
f7fc542e-1370-4949-9198-aa7aeda15566,aquaphobia.show,available,15.98,47.98,medium,low,10,namecheap,,,19/09/2026 22:59
213e6d71-1299-441b-85f8-7d7f1049b2de,admiralty.show,available,18.99,44.49,medium,low,9,namesilo,,,17/09/2026 08:53
7ada1035-6ece-474a-833c-13922e7a9d55,richmond.show,available,18,,high,low,8,unstoppable,,,29/09/2026 07:18
00b6d6fe-980b-4b74-97a2-95c698525e28,banting.show,available,18.99,44.49,medium,low,7,namesilo,,,22/09/2026 03:15
b545e697-5dca-4131-a4b1-d8c7aed5a2f6,orphans.show,available,18,,low,low,7,unstoppable,,,28/09/2026 18:19
ffc00309-88ac-4b86-982e-148e7247d549,dizzily.show,available,15.98,47.98,medium,low,7,namecheap,,,14/09/2026 13:29
75888d29-ef82-4476-a3d7-0d394122a41e,feverish.show,available,14.99,56.99,medium,low,8,name.com,,,18/08/2026 00:29
77019b1a-c514-4989-8b7f-a6fef6a1b5ea,adolescence.show,available,34.2,34.2,medium,low,11,cloudflare,,,30/09/2026 14:46
10c7088a-d948-40ea-adc8-615ac36a163c,table.show,available,14.17,35.39,high,low,5,spaceship,,,30/09/2026 04:19
e5d83668-b870-43ab-a19d-ae7515b9d78b,ellicott.show,available,15.98,47.98,medium,low,8,namecheap,,,01/10/2026 12:35
978c74c0-54dd-402a-8020-53c59b5f8771,indulging.show,available,15.98,47.98,high,low,9,namecheap,,,05/09/2026 00:26
ca87ee26-c64c-42b5-a26c-cd6975f91dcf,debacle.show,available,15.98,47.98,medium,low,7,namecheap,,,13/09/2026 07:56
c4121293-25a1-475a-9b9e-fda23002fa1c,optimistic.show,available,14.99,56.99,high,low,10,name.com,,,04/09/2026 17:07
2fa116b0-f01a-4a46-a8d3-c1c43cbca7f9,geriatric.show,available,14.99,56.99,medium,low,9,name.com,,,18/08/2026 22:42
ca00dac0-4557-4183-841e-415d47da6d87,squalls.show,available,18.99,44.49,low,low,7,namesilo,,,20/09/2026 14:16
24c0740e-6ce0-41b6-bfd3-b8e3c115dbf1,diffusely.show,available,15.98,47.98,medium,low,9,namecheap,,,14/09/2026 12:36
e6d57a4e-aeed-4961-931f-1e8a55e052dd,toscanini.show,available,18.99,44.49,high,low,9,namesilo,,,20/09/2026 12:05
394effc7-fbf6-4a09-8479-a71b6f3db262,congressional.show,available,14.17,35.39,medium,low,13,spaceship,,,29/09/2026 09:00
c8948c61-968e-47b1-aca2-890f275dbd01,sisyphean.show,available,15.98,47.98,medium,low,9,namecheap,,,10/09/2026 08:58
72d8d954-fd9a-460a-b6db-d0369911e6e7,ballista.show,available,18.99,44.49,medium,low,8,namesilo,,,20/09/2026 00:35
fd5a327f-9d8a-490b-9ac9-f256eb963372,african.show,available,14.99,56.99,high,low,7,name.com,,,
76ef3f95-b206-4c63-a178-a134e7467d32,raisin.show,available,34.2,34.2,high,low,6,cloudflare,,,01/10/2026 21:26
d066d6bf-f9b7-4072-9ed5-1c49c19a67bf,creative.show,resell,,,high,medium,8,"Sav.com, LLC - 14",02/02/2024 15:15,02/02/2027 15:15,01/10/2026 01:41
f84e4dd1-208a-4c90-a4c9-0dd751140614,astronauts.show,available,15.98,47.98,medium,low,10,namecheap,,,30/09/2026 00:30
41b53611-40b4-4812-9f16-f4be28857b86,buttermilk.show,available,18.99,44.49,high,low,10,namesilo,,,24/09/2026 11:20
aa6ec0ce-5a4f-4ef0-9e35-440b9283c220,starring.show,available,18,,medium,low,8,unstoppable,,,28/09/2026 22:41
3cb13ff8-1299-454d-8785-236025fe28b1,erc.show,available,14.17,35.39,high,low,3,spaceship,,,30/09/2026 19:29
b2099201-d67f-404e-bd02-e19a3c40be89,temperatures.show,available,8.24,35.53,medium,low,12,porkbun,,,29/09/2026 10:24
c84568fc-a223-46e5-b666-7ca9e99c5892,filler.show,available,18.99,44.49,medium,low,6,namesilo,,,30/09/2026 17:19
8845679e-7089-4be7-8c6d-d60ae1653273,ohl.show,available,18,,medium,low,3,unstoppable,,,01/10/2026 12:36
4c3384c7-1a39-41a6-87c1-b74bee2a2ae8,arbor.show,available,18.99,44.49,high,low,5,namesilo,,,20/09/2026 00:48
23266cf3-cee4-4c89-9411-8c246de48f0e,draught.show,available,14.17,35.39,high,low,7,spaceship,,,02/10/2026 04:06
2c42b367-ea8a-49b0-9452-b0ceeada6a0e,glib.show,available,14.99,56.99,medium,low,4,name.com,,,20/08/2026 14:26
178bbe25-2be8-4122-945f-a13553d8f33b,themes.show,available,18,,medium,low,6,unstoppable,,,30/09/2026 06:34
e5d3d368-0734-45e1-ae84-ab9cbca985bd,intake.show,available,18.99,44.49,high,low,6,namesilo,,,29/09/2026 06:09
02e3bf2b-651f-43f6-909e-dfa286cae288,feud.show,available,34.2,34.2,high,low,4,cloudflare,,,30/09/2026 01:37
367329ee-2491-4ae3-a2a3-e269ebef8a17,behaviour.show,available,15.98,47.98,high,low,9,namecheap,,,23/09/2026 03:08
860d8f34-0b88-45d8-a5d1-bb1a6118e750,webster.show,available,9.99,75.99,high,low,7,godaddy,,,28/09/2026 01:45
40563768-0cc2-4866-ad8e-fcbb64e5af98,blossoms.show,available,14.17,35.39,medium,low,8,spaceship,,,01/10/2026 16:35
ef984be6-963d-40c0-b6fd-1afc6b80de5f,hours.show,available,18,,high,low,5,unstoppable,,,29/09/2026 23:03
0672ce89-8a78-4d57-b2a9-6987aa057aca,chordate.show,available,14.99,56.99,medium,low,8,name.com,,,12/08/2026 07:12
0816f5d6-df07-45af-b022-882712c5bc62,raspberry.show,available,18.99,44.49,medium,low,9,namesilo,,,24/09/2026 06:43
d6354e39-dcf5-47cb-9f47-c7caa04d4323,infield.show,available,18.99,44.49,high,low,7,namesilo,,,22/09/2026 10:07
d844bd62-289b-43a9-8288-4a2c6f1ffb9b,gaping.show,available,14.99,56.99,high,low,6,name.com,,,
2009ec39-a8a4-4bc9-8061-2a364b99f282,plenary.show,available,15.98,47.98,medium,low,7,namecheap,,,08/09/2026 21:06
ca77c203-062b-4781-bcde-105a842d1efa,springlike.show,available,15.98,47.98,medium,low,10,namecheap,,,10/09/2026 16:53
69ae6e8c-62e1-40f5-b402-b0b5a0308f98,dubbed.show,available,8.24,36.6,medium,low,6,dynadot,,,30/09/2026 07:36
3b5e22f2-3731-4bae-aea0-823f85429a03,apercu.show,available,18.99,44.49,medium,low,6,namesilo,,,19/09/2026 16:30
169e91a4-7bf8-4c0a-b48b-39afeb71dc48,legitimate.show,available,14.99,56.99,high,low,10,name.com,,,22/08/2026 23:04
a81e6a8c-02b0-456e-bc19-4f4849bc7483,bioscience.show,available,15.98,47.98,high,low,10,namecheap,,,23/09/2026 18:59
ba695c1d-cfd0-4e11-981c-b7faab810642,yokel.show,available,14.99,56.99,medium,low,5,name.com,,,21/08/2026 08:01
40a79e29-efd8-4261-b503-5c5daf52354a,damaging.show,available,14.99,56.99,medium,low,8,name.com,,,13/08/2026 16:05
69ebab81-4098-434d-a5de-c90ed0bf6248,npl.show,available,14.17,35.39,medium,low,3,spaceship,,,30/09/2026 20:55
71cb789e-09a8-48d4-a0c5-807c773c96e2,peeking.show,available,15.98,47.98,high,low,7,namecheap,,,02/10/2026 01:04
e46c81da-1b3d-4b9f-849c-fef3632f6140,medford.show,available,14.17,35.39,medium,low,7,spaceship,,,28/09/2026 10:21
563fe806-36ed-416d-bfb2-1f5948eb7df0,fledgeling.show,available,14.99,56.99,medium,low,10,name.com,,,18/08/2026 07:32
f9451b2c-72ab-4fcc-b14e-0e7264f64654,skies.show,available,18.99,44.49,medium,low,5,namesilo,,,18/09/2026 07:49
5f606380-8023-4498-8fdb-de0a75c20499,clermont.show,available,14.17,35.39,medium,low,8,spaceship,,,28/09/2026 22:20
ff4dac04-ed66-4d92-bd2e-f38977511d79,prominent.show,available,18.99,44.49,high,low,9,namesilo,,,27/09/2026 07:23
20d25d78-0146-43e4-87b7-3af1835c4f86,unselected.show,available,15.98,47.98,medium,low,10,namecheap,,,12/09/2026 19:14
41d8f92f-ed91-4636-bfc8-edecafb9a6d1,adamantine.show,available,14.99,56.99,medium,low,10,name.com,,,
0c96dfc4-50fb-421e-85be-f8cfeaf7d53f,carp.show,resell,,,medium,low,4,,,,01/10/2026 18:55
032b33fb-f880-4acd-a015-32672be4ae00,whiskered.show,available,14.99,56.99,medium,low,9,name.com,,,08/08/2026 16:15
d72c68cd-8231-4994-8774-5484651d3ba7,rotting.show,available,15.98,47.98,medium,low,7,namecheap,,,29/09/2026 20:13
1a1058a9-c97e-4110-bc27-422442020532,acheson.show,available,18.99,44.49,medium,low,7,namesilo,,,17/09/2026 00:31
49c189f9-0f4a-4846-9f22-02cb585aff5a,katharine.show,available,34.2,34.2,high,low,9,cloudflare,,,30/09/2026 04:44
90e83efa-a68c-4b5d-842b-e374c27b8977,darkening.show,available,14.99,56.99,medium,low,9,name.com,,,13/08/2026 18:10
636ed3d0-1b2a-4c21-b369-850d2b186256,chordal.show,available,14.99,56.99,medium,low,7,name.com,,,12/08/2026 07:06
4d5572c0-0c22-4d41-8b9d-75445d84a6fc,detectable.show,available,14.99,56.99,high,low,10,name.com,,,14/08/2026 04:42
47312464-1063-4a31-b09a-d78cd7a83976,bedcover.show,available,18.99,44.49,high,low,8,namesilo,,,22/09/2026 22:53
fd080c8f-1f21-44ae-88b7-2d0e65b22e55,forgetful.show,available,14.99,56.99,medium,low,9,name.com,,,18/08/2026 11:56
c1c641b9-cb53-4257-84e1-e6c863c40dc9,oversee.show,available,15.98,47.98,high,low,7,namecheap,,,30/09/2026 21:16
1f2d95d5-96be-41eb-b728-bb66ab65efb2,barnburner.show,available,18.99,44.49,medium,low,10,namesilo,,,22/09/2026 06:49
a3f5ebe6-7ec1-4514-a831-ee36b7c88e42,gonna.show,available,15.98,47.98,medium,low,5,namecheap,,,30/09/2026 03:29
f469833d-7bb7-4a5f-b04f-3f07d7a13122,blackstone.show,available,15.98,47.98,high,low,10,namecheap,,,28/09/2026 04:09
2dbaf59a-c8bd-4e77-a34c-2de8d529660b,upgrades.show,available,18.99,44.49,medium,low,8,namesilo,,,02/10/2026 03:27
d4e66631-1546-46d3-840a-a071634b1375,weakest.show,available,17.99,,medium,low,7,name.com,,,
1135d4b5-1296-49ac-a303-610733a109ea,impeding.show,available,14.99,56.99,medium,low,8,name.com,,,12/08/2026 11:44
fd68c996-54f8-405b-bedf-c18d89419db9,gaffer.show,available,14.99,56.99,medium,low,6,name.com,,,
0e22ae0a-3676-4b21-bd52-f1d520101016,occasions.show,available,14.17,35.39,high,low,9,spaceship,,,28/09/2026 14:59
1a94181b-9d04-42e5-bb0b-956a5649d672,ganja.show,available,14.17,35.39,high,low,5,spaceship,,,29/09/2026 06:40
3ece64ae-dc9d-4b97-af34-5b419d5b4017,dishcloth.show,available,18.99,44.49,medium,low,9,namesilo,,,24/09/2026 22:40
54b7bd2f-0f94-4a16-b9a5-9fdb1fc06571,feasible.show,available,14.99,56.99,high,low,8,name.com,,,17/08/2026 16:48
ebd1467d-bb82-4358-a82c-55b7c6f7f635,breckenridge.show,available,14.17,35.39,medium,low,12,spaceship,,,01/10/2026 11:00
196fcbc5-0a8b-4e5f-973c-f46d8d9f31d8,coimbra.show,available,34.2,34.2,medium,low,7,cloudflare,,,30/09/2026 21:37
1ca5b836-da26-4498-a0e2-79e90db2ee96,nests.show,available,14.17,35.39,medium,low,5,spaceship,,,02/10/2026 02:53
60a8fd84-e975-4460-87f1-0deda7b2ce0f,dropped.show,available,15.98,47.98,medium,low,7,namecheap,,,25/09/2026 20:16
89f04bee-04c8-49de-9484-d6a106e08808,hesitate.show,available,14.17,35.39,medium,low,8,spaceship,,,28/09/2026 20:09
698ceb35-ba2f-468e-9813-2e67e4216377,bloom.show,resell,,,high,medium,5,"DNSPod, Inc.",16/07/2019 10:28,16/07/2027 10:28,26/09/2026 04:30
027fccf7-93ab-410f-98b4-74f0ede31046,projectile.show,available,15.98,47.98,high,low,10,namecheap,,,09/09/2026 02:59
40eed4b4-b88d-4a88-94c6-3b8c83c3b6fa,rusted.show,available,15.98,47.98,medium,low,6,namecheap,,,09/09/2026 20:17
54e6c0fd-5d23-404d-9c96-edb979685f46,flynn.show,available,18.99,44.49,high,low,5,namesilo,,,25/09/2026 15:37
ed5c0b72-ed18-4abf-a217-4d26389c3256,elba.show,available,15.98,47.98,medium,low,4,namecheap,,,30/09/2026 13:35
e3080192-a9ef-423f-9ed8-d032c9488f99,vault.show,available,15.98,47.98,high,medium,5,namecheap,,,22/09/2026 02:40
25748bbb-35e1-4efb-8107-70c0378c2850,geoffrey.show,available,18.99,44.49,medium,low,8,namesilo,,,25/09/2026 13:35
320871bd-fc65-4752-bda6-aa010da741b5,comrade.show,available,18.99,44.49,high,low,7,namesilo,,,28/09/2026 13:44
bd24e724-ad9f-4638-8cd1-aef415cbd60f,xavier.show,available,18.99,44.49,high,low,6,namesilo,,,25/09/2026 10:30
f32cbbab-058b-415e-9605-2e92adc6d999,injectable.show,available,14.99,56.99,high,low,10,name.com,,,22/08/2026 05:36
da90f75f-e3b7-4816-83e3-a9aa105f8e84,hue.show,available,14.17,35.39,high,low,3,spaceship,,,29/09/2026 18:19
0f1d4dc1-e954-4ab2-a685-c889ed9516c8,prodromal.show,available,15.98,47.98,medium,low,9,namecheap,,,09/09/2026 02:44
25086bb3-386d-47f9-847e-c27018a1b514,banners.show,available,34.2,34.2,medium,low,7,cloudflare,,,01/10/2026 00:27
ba41f7a2-f219-4513-b01b-441f6454d284,reo.show,available,34.2,34.2,medium,low,3,cloudflare,,,30/09/2026 19:33
ef877db3-a147-412a-be3c-b205ccd8cc74,surprising.show,available,15.98,47.98,high,low,10,namecheap,,,28/09/2026 02:05
d98c9be1-2907-4016-ba70-35a06a61fe42,winn.show,available,18.99,44.49,high,low,4,namesilo,,,29/09/2026 15:04
87e414a6-fde7-4a98-9882-eb1283e7fb29,neuroscience.show,available,8.24,35.53,high,low,12,porkbun,,,30/09/2026 20:58
b0e36e80-ac9a-4a64-b065-3410260f1af3,bakelite.show,available,15.98,47.98,medium,low,8,namecheap,,,21/09/2026 20:15
3e911f88-b6b1-4d8b-ba5e-0f7dfdca906d,waybill.show,available,18.99,44.49,medium,low,7,namesilo,,,23/09/2026 16:05
79314b61-ef11-4fd7-8f9b-ec4f7eaf1649,fitted.show,available,14.99,56.99,high,low,6,name.com,,,18/08/2026 05:47
86d71566-2956-49a9-ac23-a615f5c21216,mashed.show,available,14.17,35.39,high,low,6,spaceship,,,30/09/2026 12:00
00b78c64-9346-461c-a5e1-5110c87254c9,outlandish.show,available,14.99,56.99,medium,low,10,name.com,,,10/08/2026 10:37
ca98cf57-8440-4194-a6c5-22bfab06bf36,bro.show,resell,,,high,medium,3,"Sav.com, LLC - 15",20/12/2025 15:15,20/12/2026 15:15,01/10/2026 01:21
c14d8938-7f82-45ba-b2fa-75ac0678bba5,songful.show,available,14.99,56.99,medium,low,7,name.com,,,11/08/2026 17:36
ef11bc09-ae5f-4e19-bf39-3c799c732433,winner.show,resell,17.99,,high,low,6,name.com,,,28/09/2026 17:49
f3a8c2a0-f4e5-4b20-9dcd-c691c04856dc,earthly.show,available,14.99,56.99,high,low,7,name.com,,,14/08/2026 22:42
e882af50-6f16-4c47-bff8-1331ccc061d7,prenuptial.show,available,18.99,44.49,high,low,10,namesilo,,,22/09/2026 06:05
46d00df0-6175-4b39-bbf3-7b420d9c1008,accentuate.show,available,15.98,47.98,high,low,10,namecheap,,,16/09/2026 21:56
4b8594bd-bbe0-49a5-9edb-e0ec6e649dda,condolences.show,available,14.17,35.39,medium,low,11,spaceship,,,01/10/2026 09:43
0f3e67ba-f202-40eb-aa87-8579fcdab123,epizoon.show,available,14.99,56.99,medium,low,7,name.com,,,15/08/2026 00:52
b6fc2687-7f3b-44c1-9d6b-a13430e4fe3d,voigt.show,available,18,,high,low,5,unstoppable,,,02/10/2026 00:35
71194ee6-cd99-4b77-95a9-962138ae00c7,paradoxes.show,available,18.99,44.49,medium,low,9,namesilo,,,21/09/2026 00:45
78a0e291-a84c-4b5a-a7e9-76008ff45200,heuristic.show,available,14.99,56.99,high,low,9,name.com,,,21/08/2026 07:34
03d142ba-f108-46f8-8a91-30f33cdfafaa,applicants.show,available,14.17,35.39,medium,low,10,spaceship,,,30/09/2026 16:22
be80f09d-fec0-4618-8ccf-98f00850427d,astrocyte.show,available,18.99,44.49,medium,low,9,namesilo,,,20/09/2026 17:36
bc28fe72-9bac-4aab-9725-868d7fa892b7,burgundy.show,available,18.99,44.49,high,low,8,namesilo,,,29/09/2026 06:09
0315af2f-e60e-45d9-b2d9-d97f70999825,pickford.show,available,15.98,47.98,medium,low,8,namecheap,,,01/10/2026 02:18
31881b2b-0648-4192-9f2c-ff0f65a50c86,adage.show,available,18.99,44.49,high,low,5,namesilo,,,17/09/2026 06:09
a80e5a10-cac2-407c-872b-591052ef929e,rulers.show,available,18.99,44.49,medium,low,6,namesilo,,,02/10/2026 02:55
ffb17245-6702-4678-85c1-cce126286359,accelerate.show,available,18.99,44.49,high,low,10,namesilo,,,29/09/2026 02:40
7ce6018f-b793-4fc7-ba7b-a28cb89c659c,mcdonald.show,available,17.99,,high,low,8,name.com,,,
cfe3bb29-bbbc-4e94-99d7-bee3d927e873,captured.show,available,18.99,44.49,medium,low,8,namesilo,,,27/09/2026 02:07
2e7d94e2-73c1-4623-af26-a0812e22a057,constantin.show,available,18.99,44.49,high,low,10,namesilo,,,29/09/2026 09:43
1100a21d-a098-4105-9929-4683cf9402f8,anaglyphic.show,available,14.99,56.99,medium,low,10,name.com,,,
14dff24b-5952-4bef-96d5-713b86e7d66b,cosmetic.show,available,15.98,47.98,high,low,8,namecheap,,,24/09/2026 00:13
c15e6746-374a-428b-96e7-3aa198b6dfc5,solutions.show,resell,,,high,low,9,"DNSPod, Inc.",12/12/2021 13:15,12/12/2026 13:15,01/10/2026 03:13
e1a3635f-0c6c-45e6-a329-21f00ee49316,delinquent.show,available,14.99,56.99,medium,low,10,name.com,,,14/08/2026 00:42
4ecf80cb-4c99-4288-b1e9-ed9f818760b7,expendable.show,available,14.99,56.99,medium,low,10,name.com,,,17/08/2026 18:08
be07cf1d-4e9f-4163-a8d7-ca62b2bd29ef,agatha.show,available,18,,high,low,6,unstoppable,,,28/09/2026 12:02
7191bec5-8478-4db7-9fa2-a1c68e60a2e8,upwind.show,available,14.99,56.99,high,low,6,name.com,,,22/08/2026 22:35
0e4a8954-3f78-456a-9f7c-a8d59683c87b,skirt.show,available,8.24,36.6,high,low,5,dynadot,,,29/09/2026 03:43
691a8d79-ecef-47ef-af32-bcd1f284df57,mallard.show,available,18.99,44.49,medium,low,7,namesilo,,,19/09/2026 03:01
a2427f80-0ddc-460e-9365-e155a9606025,pastorale.show,available,15.98,47.98,medium,low,9,namecheap,,,08/09/2026 10:10
72e8f2c1-a45c-46cb-918f-82b5ee170b41,necklace.show,available,14.17,35.39,high,low,8,spaceship,,,27/09/2026 14:59
463e33a2-5488-42c6-a217-83a0553cb564,chose.show,available,18,,high,low,5,unstoppable,,,30/09/2026 22:35
beb6a174-0c33-4d6d-8654-d8c62e2d8225,resumed.show,available,18.99,44.49,medium,low,7,namesilo,,,18/09/2026 02:30
d4aa35c5-81f1-4422-8a48-4460eed747cc,choked.show,available,14.99,56.99,medium,low,6,name.com,,,12/08/2026 06:39
b28733d3-4c25-490d-bb50-5d82ef3da3bd,juiceless.show,available,14.99,56.99,medium,low,9,name.com,,,22/08/2026 14:18
b4bb15db-e852-4bc3-a9d1-f8afb2f3836c,sundress.show,available,14.17,35.39,high,low,8,spaceship,,,30/09/2026 12:21
b995dd86-9bca-4c55-b29f-2c4948c78f7e,operates.show,available,14.17,35.39,medium,low,8,spaceship,,,29/09/2026 10:32
3a271397-a49e-48b2-81ef-0b28c5ffcad8,spike.show,available,18.99,44.49,high,low,5,namesilo,,,19/09/2026 15:31
25f1cbfa-5188-4189-aedd-8826d7e5335b,chekov.show,available,18.99,44.49,high,low,6,namesilo,,,19/09/2026 15:28
9160efbb-001f-4663-bcf1-6b7cddd7073d,unbeknown.show,available,15.98,47.98,medium,low,9,namecheap,,,12/09/2026 01:47
6efc2159-68eb-4f16-8b22-d3746cebd179,middlesex.show,available,18.99,44.49,medium,low,9,namesilo,,,25/09/2026 13:32
c2e3c278-706f-4d92-96bc-73cc6da02b80,dumbstruck.show,available,14.99,56.99,medium,low,10,name.com,,,14/08/2026 21:06
f6a86105-0e92-4a82-94b2-a9379697feee,anaxagoras.show,available,18.99,44.49,medium,low,10,namesilo,,,19/09/2026 03:36
c2226cf4-cf52-48a4-ac5f-34f399c1f035,bout.show,available,14.17,35.39,high,low,4,spaceship,,,28/09/2026 18:28
8e74f55d-a850-4aa1-84d3-84a67fb74781,wifely.show,available,15.98,47.98,medium,low,6,namecheap,,,13/09/2026 00:27
b2d313b7-bff4-41c7-8a0d-03699476b669,chamberlain.show,available,18,,medium,low,11,unstoppable,,,01/10/2026 22:56
0456ab2d-ef3a-4c7c-9105-7d95d39401fb,hotly.show,available,15.98,47.98,medium,low,5,namecheap,,,14/09/2026 23:58
da6f3296-dca7-4ff2-8c8d-1d0f7d768743,parole.show,available,14.17,35.39,high,low,6,spaceship,,,28/09/2026 05:28
a4639b86-ffea-4357-9301-cc784999f57b,kingman.show,available,14.17,35.39,medium,low,7,spaceship,,,30/09/2026 13:59
cf765d8f-08f3-448c-8d0c-1b4c6a9c9726,goddam.show,available,14.99,56.99,medium,low,6,name.com,,,10/08/2026 12:44
338691a9-db0c-4bee-8c77-5719d318f89c,winkle.show,available,14.99,56.99,medium,low,6,name.com,,,18/08/2026 06:48
34c11b02-f7d5-4d30-9daa-3e7a3f9d1c1f,hierarchic.show,available,14.99,56.99,medium,low,10,name.com,,,21/08/2026 08:20
879acb74-ae9f-4d65-89aa-fc09318d5b3e,ecuadorian.show,available,14.99,56.99,high,low,10,name.com,,,22/08/2026 01:40
80b872d5-1aec-4019-965b-c911bff185c4,breasted.show,available,14.99,56.99,medium,low,8,name.com,,,11/08/2026 03:12
9a00845d-bbbe-44aa-b85d-01f7bc430f88,miniature.show,available,14.99,56.99,high,low,9,name.com,,,24/08/2026 23:48
86f96c6e-65f1-4a93-a5a7-839b10855b12,packets.show,available,18.99,44.49,medium,low,7,namesilo,,,20/09/2026 14:11
8ebae4c9-0210-4375-a1a5-aa63173df3b6,guerra.show,available,18,,medium,low,6,unstoppable,,,28/09/2026 12:18
91e52ff4-bbf6-4e66-aab5-a5e4e4cabc8b,maddie.show,available,34.2,34.2,high,low,6,cloudflare,,,01/10/2026 11:42
e708d106-2f79-4cfb-8f46-a4f7a7643335,herculean.show,available,14.99,56.99,high,low,9,name.com,,,21/08/2026 07:06
f4e7a12b-99df-4e81-85f5-97fa41bffed5,woozy.show,available,14.99,56.99,medium,low,5,name.com,,,14/08/2026 14:06
a5b4d554-a2b0-44f4-b57f-2e7f8691a6ec,snr.show,available,34.2,34.2,high,low,3,cloudflare,,,30/09/2026 12:29
d8d05e6a-7ddc-428c-a691-052259102230,mock.show,available,14.99,56.99,high,low,4,name.com,,,25/08/2026 02:24
75499c72-7ba2-426d-aad4-d7ea5a5c6104,amaranthus.show,available,18.99,44.49,medium,low,10,namesilo,,,18/09/2026 15:51
d7b5e972-45ee-48eb-bae2-25b5e2f24d0a,flyers.show,available,18,,medium,low,6,unstoppable,,,29/09/2026 16:42
bf5d2ce4-0cdf-4e92-a8a8-ec94c6460ccf,fulfill.show,available,18.99,44.49,high,low,7,namesilo,,,28/09/2026 15:34
0f382935-eaa7-4ba5-95c5-846bf957206c,hibernal.show,available,14.99,56.99,medium,low,8,name.com,,,11/08/2026 06:38
f0b1ca69-cdab-43d5-b0cd-ed5f2b771185,heartthrob.show,available,14.17,35.39,high,low,10,spaceship,,,29/09/2026 22:26
ef35d45d-894f-42ba-942a-fd2eebcfb7b4,troglodyte.show,available,15.98,47.98,medium,low,10,namecheap,,,09/09/2026 11:43
9ed02cb3-48a6-485c-89bf-163c68fc7593,techniques.show,available,18.99,44.49,medium,low,10,namesilo,,,19/09/2026 01:18
645f8a4f-7937-40b5-bf0d-6821213c7e7b,coke.show,available,18.99,44.49,high,low,4,namesilo,,,27/09/2026 03:32
16a7edc9-612c-446d-98c2-aee6f223a029,pavement.show,available,18.99,44.49,high,low,8,namesilo,,,29/09/2026 07:50
6d885ea6-8f3e-40d4-920d-1fb76205a531,biodefence.show,available,15.98,47.98,medium,low,10,namecheap,,,23/09/2026 17:51
17446799-b793-407f-bd36-293dd5d4102f,expire.show,available,18.99,44.49,medium,low,6,namesilo,,,29/09/2026 12:11
c8d627d7-701d-4b49-9cf7-9aeadb26bb54,unhelpful.show,available,15.98,47.98,medium,low,9,namecheap,,,12/09/2026 12:26
522a9ece-b376-4144-81fb-84f871068b0c,piddle.show,available,15.98,47.98,low,low,6,namecheap,,,13/09/2026 08:06
959b90b0-dec6-4195-9484-1319eb4291ae,suspicion.show,available,18.99,44.49,high,low,9,namesilo,,,24/09/2026 23:14
7fc9a949-c0d8-4164-907e-17e1347fa3e7,electrician.show,available,18.99,44.49,high,low,11,namesilo,,,30/09/2026 04:08
e62dd133-749b-4b91-a65d-d89f0ef94585,luncheon.show,available,18.99,44.49,high,low,8,namesilo,,,29/09/2026 13:43
c1fcd786-833d-40e2-9865-d6ac772ebb38,amateurs.show,available,18,,medium,low,8,unstoppable,,,29/09/2026 00:10
f63940b3-e55d-4fcb-ab96-168f63e23bf6,modification.show,available,18.99,44.49,high,low,12,namesilo,,,29/09/2026 22:49
fa12857e-9cae-428b-bdfc-336b4d079de0,malign.show,available,14.99,56.99,medium,low,6,name.com,,,24/08/2026 13:54
f300b3ee-45c3-4e67-bb51-bba657702a6b,wikileaks.show,available,17.99,,medium,low,9,name.com,,,
1804ad8e-bc4a-41a2-857c-f9aa80923145,suggests.show,available,18,,medium,low,8,unstoppable,,,28/09/2026 08:53
d050237c-4bed-4703-8307-dc6c98c4e47a,andrews.show,available,18.99,44.49,high,low,7,namesilo,,,19/09/2026 04:49
af894641-d92e-440d-86f6-e00821d272a3,scab.show,available,15.98,47.98,medium,low,4,namecheap,,,24/09/2026 02:52
ae7f4714-5722-4627-add1-9e68c8c06341,thumbed.show,available,15.98,47.98,high,low,7,namecheap,,,11/09/2026 15:04
c599c3ec-a776-40e2-93bd-19f053e7db4b,coyol.show,available,18.99,44.49,medium,low,5,namesilo,,,17/09/2026 03:38
6a98b746-0eeb-42e4-b4fa-51b2cf1d3377,bandy.show,available,14.99,56.99,medium,low,5,name.com,,,08/08/2026 11:45
ea208e49-c905-491a-8581-88ad0c1d87f3,hides.show,available,18.99,44.49,medium,low,5,namesilo,,,18/09/2026 23:59
369b1e3a-4abf-4b81-9ade-b591391d5901,cavalry.show,available,18.99,44.49,high,low,7,namesilo,,,28/09/2026 09:16
a7b41f7c-73de-4c50-91ce-3c85657ccf5f,villiers.show,available,18,,medium,low,8,unstoppable,,,29/09/2026 09:13
fc39f385-b68a-4566-8833-58957990d5c0,tough.show,available,18.99,44.49,high,low,5,namesilo,,,22/09/2026 16:19
a40ff347-0aa4-4e88-8b91-c590b674cd6d,nonpareil.show,available,14.99,56.99,high,low,9,name.com,,,24/08/2026 17:02
a1d39548-cf37-42a9-8e26-b3fd43f49d3e,loyally.show,available,15.98,47.98,medium,low,7,namecheap,,,15/09/2026 13:02
1f0a67bb-c3bd-4949-ae02-43017a2325d9,artemia.show,available,18.99,44.49,medium,low,7,namesilo,,,20/09/2026 10:09
14f9577e-6629-43ed-8e8d-f6cde90752f6,adventures.show,available,18.99,44.49,high,low,10,namesilo,,,18/09/2026 17:22
690b761e-b06e-4aa5-9ede-a3d5091eb09f,moshe.show,available,34.2,34.2,medium,low,5,cloudflare,,,28/09/2026 12:12
657d34bf-9ff1-46a3-b2e2-54a28f878514,homoerotic.show,available,14.99,56.99,medium,low,10,name.com,,,21/08/2026 12:51
1b3aba70-07cc-4190-b60a-af04fab9ce38,cities.show,available,18.99,44.49,medium,low,6,namesilo,,,27/09/2026 09:25
5800fa67-90f9-4836-9934-3337d5cdfd10,squealer.show,available,18.99,44.49,medium,low,8,namesilo,,,23/09/2026 11:32
e5cfa9e9-c42e-4a1a-8f3e-5082a31e6b32,biohazard.show,available,15.98,47.98,medium,low,9,namecheap,,,23/09/2026 18:14
8dd5ad13-29c9-4801-a085-ddfa08a519ea,victim.show,available,18.99,44.49,high,low,6,namesilo,,,29/09/2026 17:12
0dc3c43c-219e-458b-b7a9-5dd0bd93d6e3,dainty.show,available,14.99,56.99,high,low,6,name.com,,,13/08/2026 15:40
1b353baa-0839-4ff7-b3ea-3f892078231e,asinine.show,available,14.99,56.99,low,low,7,name.com,,,07/08/2026 02:35
51d15628-942b-4b4c-84dd-b474736b7b85,enumerable.show,available,14.99,56.99,medium,low,10,name.com,,,13/08/2026 03:30
802a9080-617c-44b5-bb21-c8701cb98c8c,mohammad.show,available,18.99,44.49,high,low,8,namesilo,,,28/09/2026 06:19
ea8231e9-cd69-4ce7-a016-9fbe262b711e,ordain.show,available,14.99,56.99,high,low,6,name.com,,,12/08/2026 22:27
45fce4e2-1dfc-4d4f-90ab-e214cdea330c,yucky.show,available,14.99,56.99,medium,low,5,name.com,,,14/08/2026 10:51
5abba8b7-8839-4572-b15f-adc28160a9be,clutter.show,available,34.2,34.2,medium,low,7,cloudflare,,,01/10/2026 18:58
3553f61e-c619-478d-b971-5184ccec7a01,asdic.show,available,18.99,44.49,medium,low,5,namesilo,,,20/09/2026 13:30
882e49e1-40ba-4330-98bf-3408d6fb3508,noaa.show,available,18,,high,low,4,unstoppable,,,28/09/2026 02:28
19f77768-86a5-43dd-946a-472fb9438ead,converges.show,available,14.17,35.39,medium,low,9,spaceship,,,29/09/2026 11:40
433d1aff-0cf7-458c-87d9-56969ada9cef,exothermal.show,available,14.99,56.99,medium,low,10,name.com,,,17/08/2026 17:47
774cc1f8-2841-4a4a-92f8-ae4ba8b2f2fc,waive.show,available,14.99,56.99,high,low,5,name.com,,,18/08/2026 11:49
1cf1a58a-683d-4fc9-b261-e06c41bc20ac,critique.show,available,18.99,44.49,high,low,8,namesilo,,,29/09/2026 12:05
5e694060-cd44-41e7-b68c-50dae126eaa4,unladylike.show,available,15.98,47.98,medium,low,10,namecheap,,,12/09/2026 14:39
2c515e5b-f0a3-4411-8176-64a6b42d31e1,highgate.show,available,18,,medium,low,8,unstoppable,,,01/10/2026 07:03
9d178be7-2ae7-4fce-8f88-7c5f869582bd,existential.show,available,18,,high,low,11,unstoppable,,,01/10/2026 22:23
73671d82-5b0e-4a6a-afec-5e597f60b9ce,carpetbag.show,available,14.99,56.99,medium,low,9,name.com,,,11/08/2026 19:44
714a7130-4a75-428d-9325-ad152b985f3d,ineffably.show,available,15.98,47.98,medium,low,9,namecheap,,,15/09/2026 07:55
5a0ede42-989d-4c17-86fa-8dd87e624fa1,zesty.show,available,14.99,56.99,high,low,5,name.com,,,08/08/2026 20:02
a62e01e5-0a38-439d-83d5-fa65c263f70e,applet.show,available,15.98,47.98,high,low,6,namecheap,,,19/09/2026 21:38
6e521f8b-3173-4638-9ffa-894c2c802e55,shoveler.show,available,18.99,44.49,medium,low,8,namesilo,,,19/09/2026 02:54
5cd90384-e2f6-4352-8d2e-fad1fd558175,conan.show,available,18.99,44.49,medium,low,5,namesilo,,,28/09/2026 07:59
2fb88ebd-79f7-472f-b99d-1b49f2d03adf,prophecies.show,available,14.17,35.39,medium,low,10,spaceship,,,01/10/2026 17:36
03447c04-1bb6-4a85-be15-75a4d184b776,translating.show,available,15.98,47.98,medium,low,11,namecheap,,,17/09/2026 20:51
e31a514b-8e53-41e4-bcc9-c4cb96cae927,garde.show,available,18,,high,low,5,unstoppable,,,01/10/2026 22:37
6f9313d6-a238-495a-bb88-5e26cf38dcbe,finch.show,available,34.2,34.2,high,low,5,cloudflare,,,29/09/2026 06:55
9b0dd32d-d789-4e9e-b5cf-e2a2789652a3,obtain.show,available,14.17,35.39,high,low,6,spaceship,,,30/09/2026 21:13
db1717c4-4561-4600-9d18-07e5fe43cb78,mcgovern.show,available,14.17,35.39,medium,low,8,spaceship,,,28/09/2026 08:53
13bf858e-48d0-4efc-beca-ff0b0f169412,spongy.show,available,15.98,47.98,medium,low,6,namecheap,,,10/09/2026 16:24
be405a58-7b78-439e-bbdf-3a056a094cad,loftus.show,available,18.99,44.49,medium,low,6,namesilo,,,30/09/2026 13:52
a688214c-755d-4c1a-aa12-f040dcaaa5f5,advertent.show,available,14.99,56.99,medium,low,9,name.com,,,
0b4e3b99-015b-4ae0-828e-5174e03e8164,crucify.show,available,14.99,56.99,medium,low,7,name.com,,,14/08/2026 21:17
16107af6-5683-4fae-9696-fd9e31394ff7,lady.show,resell,,,high,low,4,Alibaba Cloud Computing Ltd. d/b/a HiChina (www.net.cn),29/07/2015 16:00,29/07/2027 16:00,29/09/2026 20:47
183eaf34-9eca-4d70-938a-7d7adc5a32dc,supporter.show,available,18.99,44.49,medium,low,9,namesilo,,,22/09/2026 10:07
893ade4b-095e-41c4-8ed6-a472b35c4efe,predecessor.show,available,18.99,44.49,high,low,11,namesilo,,,30/09/2026 11:38
715a6732-6349-495b-8bd5-824e828ea49a,mortar.show,available,18.99,44.49,high,low,6,namesilo,,,29/09/2026 07:17
50988431-eb34-4991-842d-d92fd653c927,mythic.show,available,15.98,47.98,high,low,6,namecheap,,,03/09/2026 12:29
b6091352-7099-4682-9cbb-65fa73280d37,perchance.show,available,15.98,47.98,medium,low,9,namecheap,,,14/09/2026 02:12
6c08f24d-99f3-404e-aeaa-6ae7102232d3,interval.show,available,18.99,44.49,high,low,8,namesilo,,,29/09/2026 13:09
e15aaff1-9e80-41d5-84d4-944f369f6946,curtly.show,available,15.98,47.98,medium,low,6,namecheap,,,14/09/2026 10:10
ea5bef14-1946-499a-a43d-227ade75a573,cumbersome.show,available,14.99,56.99,medium,low,10,name.com,,,13/08/2026 10:25
ae4af803-a838-4402-9f34-e8c592f0a714,antipodes.show,available,18.99,44.49,medium,low,9,namesilo,,,19/09/2026 14:59
ed386bc9-16b3-493c-ad2d-62192ecc874a,pantry.show,available,14.99,56.99,high,low,6,name.com,,,11/08/2026 11:54
8902aa4d-0361-41e2-95a8-e3f579bda450,filled.show,available,15.98,47.98,high,low,6,namecheap,,,24/09/2026 18:13
8048547f-c145-4f53-9b52-4782e31d75e9,hampton.show,available,18.99,44.49,high,low,7,namesilo,,,25/09/2026 06:48
83dfb283-94ef-4fe6-8fc1-77724cf7b99b,cantonese.show,available,18,,high,low,9,unstoppable,,,01/10/2026 18:53
4861c272-1a73-449a-9000-8ae18081f985,paschal.show,available,15.98,47.98,medium,low,7,namecheap,,,08/09/2026 02:20
df23b0f9-e8b5-434b-b0ee-a750153a14d0,usn.show,available,14.17,35.39,medium,low,3,spaceship,,,28/09/2026 15:31
cc87bf26-8806-4f31-baa9-e5139c533364,unabashed.show,available,15.98,47.98,medium,low,9,namecheap,,,11/09/2026 23:19
d7a3d839-b3f8-4cd9-98ab-05f002ee8c3d,aflare.show,available,14.99,56.99,medium,low,6,name.com,,,
17248316-77f1-4e28-9ddf-d4f38915fc47,ideal.show,available,18.99,44.49,high,low,5,namesilo,,,25/09/2026 07:17
0771b909-c8f7-4c06-ae59-2571a0115ede,blaeberry.show,available,18.99,44.49,medium,low,9,namesilo,,,23/09/2026 15:39
a7e228e2-0a2e-44b7-8d0a-11c969722f58,stooping.show,available,14.99,56.99,medium,low,8,name.com,,,21/08/2026 15:34
88ea09f5-2dfa-4fa1-8f62-51f9b2b14d32,trainer.show,available,14.17,35.39,high,low,7,spaceship,,,27/09/2026 13:32
338485a7-6e84-4976-a57d-8c08ecb6ed75,trash.show,available,18.99,44.49,high,low,5,namesilo,,,25/09/2026 22:15
4bbf2f54-0dea-41a0-89df-35c777e23a3e,commence.show,available,18.99,44.49,high,low,8,namesilo,,,23/09/2026 02:22
8610e8b1-5c83-41cc-96c9-b9ac0f56d202,learnt.show,available,17.99,,medium,low,6,name.com,,,
51e2bdfa-a983-4358-b786-70f2e88613f1,connelly.show,available,15.98,47.98,medium,low,8,namecheap,,,29/09/2026 04:23
6f707baf-3cf5-4c72-be63-36d570e9d287,stroma.show,available,15.98,47.98,medium,low,6,namecheap,,,01/10/2026 21:54
cffb294d-e0bf-42ad-9fbf-f3a93d50d8c5,pip.show,available,15.98,47.98,high,low,3,namecheap,,,13/09/2026 13:22
a66566d5-acc0-4161-b565-ee5b9821d7c8,worthwhile.show,available,14.17,35.39,high,low,10,spaceship,,,28/09/2026 11:04
5bc27c48-2102-4326-bbd5-a08fdc87b1cb,bakersfield.show,available,14.17,35.39,medium,low,11,spaceship,,,02/10/2026 00:41
bb204775-7af0-4844-bfb4-a6323e820f1c,socioeconomic.show,available,18.99,44.49,medium,low,13,namesilo,,,16/09/2026 12:07
858225f1-7a9f-4855-8d7a-c4d78cd37a89,peel.show,available,15.98,47.98,high,low,4,namecheap,,,30/09/2026 06:31
95360b12-a597-4af9-b981-5eaf683de21a,bjs.show,available,18.99,44.49,medium,low,3,namesilo,,,23/09/2026 23:25
01c60a91-2cc7-4a18-a500-01a73c00a36b,rallies.show,available,18.99,44.49,medium,low,7,namesilo,,,02/10/2026 02:59
d5d30e88-8f7a-46c2-9677-7f7ecee182ad,ail.show,available,15.98,47.98,medium,low,3,namecheap,,,17/09/2026 21:05
85c9f413-fcf7-4645-a498-319cc17c4533,abbott.show,available,14.17,35.39,high,low,6,spaceship,,,27/09/2026 17:56
6e6def29-9739-420e-9c83-f4403a844d09,unemployed.show,available,18.99,44.49,medium,low,10,namesilo,,,28/09/2026 09:51
ee36824c-cbb8-4215-827b-46174df14013,consumable.show,available,14.99,56.99,high,low,10,name.com,,,12/08/2026 23:04
f5327774-4186-4aec-a783-9f523108a44c,mcgraw.show,available,18.99,44.49,medium,low,6,namesilo,,,28/09/2026 06:05
5e5b1bb7-4993-440b-a228-9f60b7d9d1d3,stoll.show,available,18,,medium,low,5,unstoppable,,,02/10/2026 02:06
4e4709a4-1213-4855-9623-aace248edc95,ataraxic.show,available,14.99,56.99,low,low,8,name.com,,,07/08/2026 12:49
6a669c65-e9e1-4e0a-b3ec-d9da0d6c52f3,chores.show,available,14.17,35.39,medium,low,6,spaceship,,,29/09/2026 17:46
25ea8bf3-e33f-40c1-9975-19fd7ecb0d2e,mentioning.show,available,15.98,47.98,medium,low,10,namecheap,,,17/09/2026 21:20
0e07a90c-1d7e-40e0-bdc0-ef77bae51a04,motorcycle.show,premium,854,854,high,low,10,namesilo,,,30/09/2026 22:56
94f129b0-5d1f-430e-bddf-28d6c7c0b234,seamy.show,available,14.99,56.99,medium,low,5,name.com,,,10/09/2026 00:49
c0818ade-b58e-46d1-b2c5-7b4e250e7c68,burnt.show,available,18.99,44.49,high,low,5,namesilo,,,23/09/2026 11:41
dc63421a-3d83-4504-b7be-10024652042b,poodle.show,available,14.17,35.39,high,low,6,spaceship,,,01/10/2026 21:20
0c4ef0bc-f800-4b6a-ba94-9eaa01531a54,intolerant.show,available,14.99,56.99,medium,low,10,name.com,,,21/08/2026 20:02
1b490a52-ae2b-42d6-8c55-449fb2d83cc4,beast.show,available,18.99,44.49,high,low,5,namesilo,,,22/09/2026 04:42
e787c31a-5695-4374-8686-dc8fa7ce2df3,aroused.show,available,14.99,56.99,high,low,7,name.com,,,
1146885d-8b60-4006-8a4a-e270830e93b1,boneless.show,available,14.99,56.99,medium,low,8,name.com,,,10/08/2026 18:38
d31575b1-25aa-4cf7-a267-6e2f5ccc3a40,dumpy.show,available,14.99,56.99,medium,low,5,name.com,,,14/08/2026 21:10
c7665996-c9e9-4a29-9c5e-0dda2d2315d8,rifle.show,available,18.99,44.49,high,low,5,namesilo,,,27/09/2026 04:01
2a7d5102-7d17-486b-a0a7-25c7e18c210f,sasquatch.show,available,18.99,44.49,high,low,9,namesilo,,,23/09/2026 15:07
5f9dc3f0-5fa7-4f67-a5c7-a45f7675db14,fortemente.show,available,14.99,56.99,medium,low,10,name.com,,,18/08/2026 12:36
38057afa-049a-42d6-9e08-cbe5121f6ae7,border.show,available,18.99,44.49,high,low,6,namesilo,,,23/09/2026 00:10
b2cc2488-75d7-4793-b4f9-efed406027d0,abdominal.show,available,18.99,44.49,high,low,9,namesilo,,,21/09/2026 13:47
64d4f6dd-d7d3-4758-a285-bafcb111696a,ser.show,available,34.2,34.2,high,low,3,cloudflare,,,01/10/2026 00:20
2c7bfdec-5f6b-442f-a2bf-651f43768ba4,barycenter.show,available,18.99,44.49,medium,low,10,namesilo,,,22/09/2026 09:39
174da4bd-deff-427e-9a7f-67636619882e,lions.show,available,17.99,,high,low,5,name.com,,,
d8be1b6a-d53f-4a00-8040-9d24df2595b7,neckless.show,available,15.98,47.98,medium,low,8,namecheap,,,03/09/2026 14:41
b0700908-b3e2-4970-981e-3d0667356a01,ner.show,available,18,,high,low,3,unstoppable,,,29/09/2026 14:31
82bad2e3-8265-4722-8b5b-d9e3ce2b3aad,lateral.show,available,14.99,56.99,high,low,7,name.com,,,22/08/2026 20:34
49ebddb4-2660-46ee-ac45-7cc73dbf10c7,reid.show,available,18.99,44.49,high,low,4,namesilo,,,25/09/2026 10:17
f6e79997-7139-444a-a4db-0a823515e0aa,dame.show,available,15.98,47.98,high,low,4,namecheap,,,24/09/2026 20:56
dfc6fa08-cf84-4aec-8b06-f0f21112c3ca,anomalous.show,available,15.98,47.98,high,low,9,namecheap,,,
f85d823d-ca41-44c9-80be-70078c02c8b3,carrel.show,available,18.99,44.49,medium,low,6,namesilo,,,18/09/2026 06:05
dbb970f4-68b5-4ee3-baab-4ab458cb865d,tran.show,available,18,,high,low,4,unstoppable,,,29/09/2026 03:38
96ffa6e5-508a-4943-9c39-3a6d15da9bdb,argentinian.show,available,14.17,35.39,high,low,11,spaceship,,,30/09/2026 03:20
54393cfe-2eb7-40d7-bb4a-ead064008a2b,anionic.show,available,14.99,56.99,medium,low,7,name.com,,,
5eb74d72-62c2-4d59-afac-f46bbef0950b,moronic.show,available,14.99,56.99,medium,low,7,name.com,,,25/08/2026 06:35
5d0be576-54d9-431c-9b30-b87e819b2e32,conceive.show,available,14.17,35.39,high,low,8,spaceship,,,29/09/2026 14:04
4179d179-1f92-4154-8aa8-8c6590c7ce8d,gujarati.show,available,18.99,44.49,high,low,8,namesilo,,,30/09/2026 09:59
bacee5b1-9d97-4025-bbcb-f5726a660023,unthought.show,available,14.99,56.99,medium,low,9,name.com,,,12/09/2026 12:35
bbca6923-0f03-44cd-a027-687d117a6c97,marr.show,available,14.17,35.39,high,low,4,spaceship,,,29/09/2026 10:01
209d3c7d-dd17-475c-a540-b23303740188,asp.show,available,18.99,44.49,high,low,3,namesilo,,,20/09/2026 14:30
7418a438-fbcc-4c7f-9add-2c2e586f5d3c,penis.show,available,34.2,34.2,high,low,5,cloudflare,,,30/09/2026 06:36
aab2a0d1-9904-40f6-8f79-842746efd6a3,planets.show,available,18.99,44.49,high,low,7,namesilo,,,18/09/2026 11:12
16531731-e7d4-4ef0-9ce3-daa520082b06,alienation.show,available,18.99,44.49,high,low,10,namesilo,,,18/09/2026 07:35
8cf13c95-6d0f-4e4a-b841-2a179c4f10eb,pci.show,available,18.99,44.49,high,low,3,namesilo,,,28/09/2026 11:26
106ee507-92bb-44ea-81dc-026ce71a3e3d,printed.show,available,15.98,47.98,high,low,7,namecheap,,,27/09/2026 21:56
1fde6c79-ab23-4453-bf90-20e30df7814b,oviparous.show,available,15.98,47.98,medium,low,9,namecheap,,,04/09/2026 22:09
9c33277c-016e-4947-980a-eb4f2203fc5c,retroflex.show,available,14.99,56.99,medium,low,9,name.com,,,11/08/2026 12:37
1d170f3e-5092-4a05-982c-a6003982f978,intoxicated.show,available,34.2,34.2,medium,low,11,cloudflare,,,30/09/2026 03:42
5d087312-058c-42a8-a50a-37c56690149e,slump.show,available,14.17,35.39,medium,low,5,spaceship,,,30/09/2026 09:25
4b1292fd-f5d0-4403-a6fe-613974ea6578,cause.show,available,18.99,44.49,high,low,5,namesilo,,,24/09/2026 13:11
e9c2b8ac-2375-4e32-893d-0b7e276e8ccb,parnell.show,available,18.99,44.49,medium,low,7,namesilo,,,28/09/2026 18:40
e3300e4b-2a62-48fc-9311-08c1cac70a1e,another.show,available,18.99,44.49,high,low,7,namesilo,,,01/10/2026 00:35
8a459640-ebfa-4183-86eb-dec6d80b7874,gaynor.show,available,34.2,34.2,medium,low,6,cloudflare,,,02/10/2026 00:11
f8c76b5f-55b5-4d97-8cd3-49c8d3349d29,into.show,available,14.17,35.39,high,low,4,spaceship,,,01/10/2026 01:13
cf4cd952-0488-49c2-bac0-9921d0e37cab,skater.show,available,18.99,44.49,high,low,6,namesilo,,,01/10/2026 03:43